category,method,seed,aggregation_rule,image_auroc,image_ap
bottle,autoencoder,123,global_max,0.48174603174603176,0.7721588386711058
bottle,autoencoder,123,percentile_99,0.4817460317460317,0.7720465513959187
bottle,autoencoder,123,percentile_95,0.48174603174603176,0.7712727780300273
bottle,autoencoder,123,top_1_percent_mean,0.48095238095238096,0.7711395219174606
bottle,autoencoder,123,gaussian_pooled_max,0.48253968253968255,0.7740540721887661
bottle,autoencoder,2026,global_max,0.4952380952380952,0.7870258510488062
bottle,autoencoder,2026,percentile_99,0.4960317460317461,0.7867863316636967
bottle,autoencoder,2026,percentile_95,0.49603174603174605,0.7876109496573405
bottle,autoencoder,2026,top_1_percent_mean,0.4952380952380952,0.7870258510488062
bottle,autoencoder,2026,gaussian_pooled_max,0.496031746031746,0.7868527035513235
bottle,autoencoder,42,global_max,0.4992063492063492,0.7849923107671366
bottle,autoencoder,42,percentile_99,0.4976190476190476,0.7837143294891553
bottle,autoencoder,42,percentile_95,0.4992063492063492,0.7844309221988273
bottle,autoencoder,42,top_1_percent_mean,0.4976190476190476,0.7837143294891553
bottle,autoencoder,42,gaussian_pooled_max,0.4968253968253968,0.7854778714802293
bottle,padim,123,global_max,0.9976190476190476,0.9992440151090303
bottle,padim,123,percentile_99,0.9976190476190476,0.9992440151090303
bottle,padim,123,percentile_95,0.9976190476190476,0.9992440151090303
bottle,padim,123,top_1_percent_mean,0.9976190476190476,0.9992440151090303
bottle,padim,123,gaussian_pooled_max,0.9976190476190476,0.9992440151090303
bottle,padim,2026,global_max,0.9984126984126984,0.999500031494079
bottle,padim,2026,percentile_99,0.9984126984126984,0.999500031494079
bottle,padim,2026,percentile_95,0.9984126984126984,0.999500031494079
bottle,padim,2026,top_1_percent_mean,0.9984126984126984,0.999500031494079
bottle,padim,2026,gaussian_pooled_max,0.9984126984126984,0.999500031494079
bottle,padim,42,global_max,0.9968253968253968,0.9989838017340629
bottle,padim,42,percentile_99,0.9968253968253968,0.9989838017340629
bottle,padim,42,percentile_95,0.9968253968253968,0.9989838017340629
bottle,padim,42,top_1_percent_mean,0.9968253968253968,0.9989838017340629
bottle,padim,42,gaussian_pooled_max,0.9976190476190476,0.9992440151090303
bottle,patchcore,123,global_max,1.0,0.9999999999999998
bottle,patchcore,123,percentile_99,1.0,0.9999999999999998
bottle,patchcore,123,percentile_95,1.0,0.9999999999999998
bottle,patchcore,123,top_1_percent_mean,1.0,0.9999999999999998
bottle,patchcore,123,gaussian_pooled_max,1.0,0.9999999999999998
bottle,patchcore,2026,global_max,1.0,0.9999999999999998
bottle,patchcore,2026,percentile_99,1.0,0.9999999999999998
bottle,patchcore,2026,percentile_95,1.0,0.9999999999999998
bottle,patchcore,2026,top_1_percent_mean,1.0,0.9999999999999998
bottle,patchcore,2026,gaussian_pooled_max,1.0,0.9999999999999998
bottle,patchcore,42,global_max,1.0,0.9999999999999998
bottle,patchcore,42,percentile_99,1.0,0.9999999999999998
bottle,patchcore,42,percentile_95,1.0,0.9999999999999998
bottle,patchcore,42,top_1_percent_mean,1.0,0.9999999999999998
bottle,patchcore,42,gaussian_pooled_max,1.0,0.9999999999999998
cable,autoencoder,123,global_max,0.4552098950524738,0.618827067840891
cable,autoencoder,123,percentile_99,0.45502248875562223,0.6187345095291547
cable,autoencoder,123,percentile_95,0.4544602698650675,0.6191545305023022
cable,autoencoder,123,top_1_percent_mean,0.4552098950524738,0.618827067840891
cable,autoencoder,123,gaussian_pooled_max,0.4548350824587707,0.6184381900283091
cable,autoencoder,2026,global_max,0.4525862068965517,0.6113554817729703
cable,autoencoder,2026,percentile_99,0.45239880059970017,0.6105790842574423
cable,autoencoder,2026,percentile_95,0.452023988005997,0.6102753537452472
cable,autoencoder,2026,top_1_percent_mean,0.45239880059970017,0.6105790842574423
cable,autoencoder,2026,gaussian_pooled_max,0.4518365817091455,0.611974249595657
cable,autoencoder,42,global_max,0.4522113943028485,0.6166938394286163
cable,autoencoder,42,percentile_99,0.4518365817091454,0.6164887610936539
cable,autoencoder,42,percentile_95,0.4525862068965517,0.6178283250965766
cable,autoencoder,42,top_1_percent_mean,0.45202398800599697,0.6166462910243407
cable,autoencoder,42,gaussian_pooled_max,0.45202398800599697,0.6178432933998441
cable,padim,123,global_max,0.8543853073463268,0.8902751905271171
cable,padim,123,percentile_99,0.8543853073463268,0.8901918898326617
cable,padim,123,percentile_95,0.8538230884557722,0.8897884592309208
cable,padim,123,top_1_percent_mean,0.8538230884557722,0.8898940014348021
cable,padim,123,gaussian_pooled_max,0.8540104947526237,0.8901636943418241
cable,padim,2026,global_max,0.8768740629685158,0.9111721348077368
cable,padim,2026,percentile_99,0.8770614692653673,0.9114061983071554
cable,padim,2026,percentile_95,0.8764992503748126,0.9107627744016206
cable,padim,2026,top_1_percent_mean,0.8774362818590704,0.9118056368183488
cable,padim,2026,gaussian_pooled_max,0.8768740629685158,0.9113922007467576
cable,padim,42,global_max,0.8616941529235382,0.9036004491289333
cable,padim,42,percentile_99,0.862256371814093,0.9042717748828026
cable,padim,42,percentile_95,0.8624437781109444,0.9049094820062669
cable,padim,42,top_1_percent_mean,0.8615067466266866,0.9032995786703318
cable,padim,42,gaussian_pooled_max,0.8628185907046477,0.9030491976632495
cable,patchcore,123,global_max,0.9904422788605697,0.9940329118028219
cable,patchcore,123,percentile_99,0.9904422788605697,0.9940329118028219
cable,patchcore,123,percentile_95,0.9898800599700149,0.993677709939468
cable,patchcore,123,top_1_percent_mean,0.9904422788605697,0.9940329118028219
cable,patchcore,123,gaussian_pooled_max,0.9904422788605697,0.9939544302790408
cable,patchcore,2026,global_max,0.9906296851574212,0.9943344835422424
cable,patchcore,2026,percentile_99,0.9906296851574212,0.9943344835422424
cable,patchcore,2026,percentile_95,0.9902548725637181,0.9941862626028006
cable,patchcore,2026,top_1_percent_mean,0.9908170914542729,0.9944670392156252
cable,patchcore,2026,gaussian_pooled_max,0.989880059970015,0.9938890974891399
cable,patchcore,42,global_max,0.9887556221889056,0.9933563944086148
cable,patchcore,42,percentile_99,0.9895052473763117,0.9937450091540301
cable,patchcore,42,percentile_95,0.9896926536731634,0.993857963307627
cable,patchcore,42,top_1_percent_mean,0.9893178410794602,0.9936409558787531
cable,patchcore,42,gaussian_pooled_max,0.9921289355322339,0.9952284095445859
carpet,autoencoder,123,global_max,0.3796147672552167,0.6869782212484612
carpet,autoencoder,123,percentile_99,0.380016051364366,0.6869990362842108
carpet,autoencoder,123,percentile_95,0.3792134831460674,0.6864187622196286
carpet,autoencoder,123,top_1_percent_mean,0.37921348314606745,0.6868007224994385
carpet,autoencoder,123,gaussian_pooled_max,0.377207062600321,0.6885643917909903
carpet,autoencoder,2026,global_max,0.38041733547351525,0.688931051970919
carpet,autoencoder,2026,percentile_99,0.37921348314606745,0.6886193813323235
carpet,autoencoder,2026,percentile_95,0.37800963081861955,0.6875498264533798
carpet,autoencoder,2026,top_1_percent_mean,0.3808186195826645,0.6890305441481223
carpet,autoencoder,2026,gaussian_pooled_max,0.3780096308186196,0.6892697890457774
carpet,autoencoder,42,global_max,0.37319422150882825,0.68472063184189
carpet,autoencoder,42,percentile_99,0.3735955056179775,0.6848755558630498
carpet,autoencoder,42,percentile_95,0.36998394863563405,0.6833207464590001
carpet,autoencoder,42,top_1_percent_mean,0.37319422150882825,0.68472063184189
carpet,autoencoder,42,gaussian_pooled_max,0.3723916532905297,0.6841819033941919
carpet,padim,123,global_max,0.9614767255216693,0.9880571680070068
carpet,padim,123,percentile_99,0.9614767255216693,0.9880571680070068
carpet,padim,123,percentile_95,0.9618780096308186,0.9881653754129229
carpet,padim,123,top_1_percent_mean,0.9614767255216693,0.9880571680070068
carpet,padim,123,gaussian_pooled_max,0.9622792937399679,0.9884392900371595
carpet,padim,2026,global_max,0.971107544141252,0.9912738848021768
carpet,padim,2026,percentile_99,0.9715088282504013,0.9913654598937519
carpet,padim,2026,percentile_95,0.9715088282504013,0.9913833504337433
carpet,padim,2026,top_1_percent_mean,0.971107544141252,0.9912738848021768
carpet,padim,2026,gaussian_pooled_max,0.9703049759229534,0.9909297149631612
carpet,padim,42,global_max,0.9634831460674158,0.9892877324231917
carpet,padim,42,percentile_99,0.9634831460674158,0.9892600269656852
carpet,padim,42,percentile_95,0.9630818619582665,0.989178126883785
carpet,padim,42,top_1_percent_mean,0.9634831460674158,0.9892600269656852
carpet,padim,42,gaussian_pooled_max,0.9630818619582664,0.9890997371375874
carpet,patchcore,123,global_max,0.9843499197431782,0.9957159231346022
carpet,patchcore,123,percentile_99,0.9847512038523275,0.9957993259702986
carpet,patchcore,123,percentile_95,0.9843499197431782,0.9957159231346022
carpet,patchcore,123,top_1_percent_mean,0.9843499197431782,0.9957159231346022
carpet,patchcore,123,gaussian_pooled_max,0.9839486356340289,0.9956299230456486
carpet,patchcore,2026,global_max,0.9839486356340288,0.995584432841621
carpet,patchcore,2026,percentile_99,0.9839486356340288,0.995584432841621
carpet,patchcore,2026,percentile_95,0.9839486356340288,0.995584432841621
carpet,patchcore,2026,top_1_percent_mean,0.9839486356340288,0.995584432841621
carpet,patchcore,2026,gaussian_pooled_max,0.9843499197431781,0.9957266988532256
carpet,patchcore,42,global_max,0.9851524879614767,0.9959134893076425
carpet,patchcore,42,percentile_99,0.9847512038523274,0.9958027654504259
carpet,patchcore,42,percentile_95,0.9843499197431782,0.995690945719256
carpet,patchcore,42,top_1_percent_mean,0.9851524879614767,0.9959134893076425
carpet,patchcore,42,gaussian_pooled_max,0.9847512038523274,0.9958027654504259
grid,autoencoder,123,global_max,0.8654970760233919,0.9524045521632933
grid,autoencoder,123,percentile_99,0.8654970760233919,0.9522335410060938
grid,autoencoder,123,percentile_95,0.8654970760233918,0.952184658657518
grid,autoencoder,123,top_1_percent_mean,0.8646616541353384,0.9519772017359429
grid,autoencoder,123,gaussian_pooled_max,0.8654970760233919,0.9523387670750756
grid,autoencoder,2026,global_max,0.8755221386800335,0.9542974400153479
grid,autoencoder,2026,percentile_99,0.8755221386800335,0.9542974400153479
grid,autoencoder,2026,percentile_95,0.87468671679198,0.9540020888428036
grid,autoencoder,2026,top_1_percent_mean,0.8755221386800335,0.9542974400153479
grid,autoencoder,2026,gaussian_pooled_max,0.8763575605680869,0.9554505407567744
grid,autoencoder,42,global_max,0.8421052631578947,0.941012889261436
grid,autoencoder,42,percentile_99,0.8421052631578947,0.941012889261436
grid,autoencoder,42,percentile_95,0.8429406850459482,0.9408513988510991
grid,autoencoder,42,top_1_percent_mean,0.8421052631578947,0.941012889261436
grid,autoencoder,42,gaussian_pooled_max,0.8454469507101086,0.94122867645724
grid,padim,123,global_max,0.9047619047619048,0.9641503110867071
grid,padim,123,percentile_99,0.9030910609857977,0.9635519882012045
grid,padim,123,percentile_95,0.9039264828738512,0.9639189996129083
grid,padim,123,top_1_percent_mean,0.9055973266499583,0.964332180050119
grid,padim,123,gaussian_pooled_max,0.9055973266499583,0.9648570747359202
grid,padim,2026,global_max,0.8354218880534671,0.9318167007239198
grid,padim,2026,percentile_99,0.8362573099415205,0.9322428673550727
grid,padim,2026,percentile_95,0.8354218880534671,0.9314132330208604
grid,padim,2026,top_1_percent_mean,0.8362573099415205,0.9322428673550727
grid,padim,2026,gaussian_pooled_max,0.8362573099415205,0.933013246386408
grid,padim,42,global_max,0.8989139515455306,0.9604714770096296
grid,padim,42,percentile_99,0.899749373433584,0.9606516571898098
grid,padim,42,percentile_95,0.8972431077694236,0.9594285637273916
grid,padim,42,top_1_percent_mean,0.899749373433584,0.9606516571898098
grid,padim,42,gaussian_pooled_max,0.8972431077694235,0.960058680312003
grid,patchcore,123,global_max,0.9690893901420217,0.9895905525372903
grid,patchcore,123,percentile_99,0.9690893901420217,0.9895905525372903
grid,patchcore,123,percentile_95,0.9690893901420217,0.9895905525372903
grid,patchcore,123,top_1_percent_mean,0.9690893901420217,0.9895905525372903
grid,patchcore,123,gaussian_pooled_max,0.9682539682539683,0.9892240305806503
grid,patchcore,2026,global_max,0.9741019214703425,0.991208532019805
grid,patchcore,2026,percentile_99,0.9741019214703425,0.991208532019805
grid,patchcore,2026,percentile_95,0.9741019214703425,0.991208532019805
grid,patchcore,2026,top_1_percent_mean,0.9741019214703425,0.991208532019805
grid,patchcore,2026,gaussian_pooled_max,0.9732664995822891,0.9910182732679023
grid,patchcore,42,global_max,0.9674185463659148,0.9892252102654022
grid,patchcore,42,percentile_99,0.9674185463659148,0.9892252102654022
grid,patchcore,42,percentile_95,0.9682539682539683,0.9895170772589599
grid,patchcore,42,top_1_percent_mean,0.9674185463659148,0.9892252102654022
grid,patchcore,42,gaussian_pooled_max,0.9640768588137008,0.9878843526316383
hazelnut,autoencoder,123,global_max,0.7457142857142858,0.8503139099980916
hazelnut,autoencoder,123,percentile_99,0.7457142857142858,0.8503465152374636
hazelnut,autoencoder,123,percentile_95,0.7460714285714285,0.8505063553973038
hazelnut,autoencoder,123,top_1_percent_mean,0.7460714285714285,0.8505063553973038
hazelnut,autoencoder,123,gaussian_pooled_max,0.7453571428571428,0.8506061870859853
hazelnut,autoencoder,2026,global_max,0.7725,0.8659912227559072
hazelnut,autoencoder,2026,percentile_99,0.7732142857142857,0.8664362525860452
hazelnut,autoencoder,2026,percentile_95,0.7728571428571428,0.865588773912036
hazelnut,autoencoder,2026,top_1_percent_mean,0.7728571428571429,0.8662341770804942
hazelnut,autoencoder,2026,gaussian_pooled_max,0.7710714285714286,0.8651299591947359
hazelnut,autoencoder,42,global_max,0.7696428571428571,0.8635947532576469
hazelnut,autoencoder,42,percentile_99,0.7703571428571429,0.8640827570177785
hazelnut,autoencoder,42,percentile_95,0.7703571428571429,0.8638526149717967
hazelnut,autoencoder,42,top_1_percent_mean,0.77,0.8638338203130405
hazelnut,autoencoder,42,gaussian_pooled_max,0.7703571428571429,0.8638279232541206
hazelnut,padim,123,global_max,0.8589285714285715,0.8803445326768472
hazelnut,padim,123,percentile_99,0.8589285714285715,0.8803127419925371
hazelnut,padim,123,percentile_95,0.8589285714285715,0.8803956295241827
hazelnut,padim,123,top_1_percent_mean,0.8585714285714285,0.8801496630623348
hazelnut,padim,123,gaussian_pooled_max,0.8589285714285714,0.8769541550243086
hazelnut,padim,2026,global_max,0.8692857142857142,0.8900411368947908
hazelnut,padim,2026,percentile_99,0.8689285714285715,0.8898657991540607
hazelnut,padim,2026,percentile_95,0.8689285714285714,0.8900146524697118
hazelnut,padim,2026,top_1_percent_mean,0.8689285714285715,0.8898657991540607
hazelnut,padim,2026,gaussian_pooled_max,0.8682142857142857,0.8885898954045185
hazelnut,padim,42,global_max,0.8407142857142857,0.8617664450328719
hazelnut,padim,42,percentile_99,0.84,0.8583781666445934
hazelnut,padim,42,percentile_95,0.8414285714285714,0.8631032429099175
hazelnut,padim,42,top_1_percent_mean,0.8407142857142857,0.8617664450328719
hazelnut,padim,42,gaussian_pooled_max,0.8428571428571429,0.8609538011317526
hazelnut,patchcore,123,global_max,0.9996428571428572,0.999798792756539
hazelnut,patchcore,123,percentile_99,0.9996428571428572,0.999798792756539
hazelnut,patchcore,123,percentile_95,0.9996428571428572,0.999798792756539
hazelnut,patchcore,123,top_1_percent_mean,0.9996428571428572,0.999798792756539
hazelnut,patchcore,123,gaussian_pooled_max,0.9996428571428572,0.999798792756539
hazelnut,patchcore,2026,global_max,0.9996428571428572,0.999798792756539
hazelnut,patchcore,2026,percentile_99,0.9996428571428572,0.999798792756539
hazelnut,patchcore,2026,percentile_95,0.9996428571428572,0.999798792756539
hazelnut,patchcore,2026,top_1_percent_mean,0.9996428571428572,0.999798792756539
hazelnut,patchcore,2026,gaussian_pooled_max,1.0,0.9999999999999998
hazelnut,patchcore,42,global_max,0.9996428571428572,0.999798792756539
hazelnut,patchcore,42,percentile_99,0.9996428571428572,0.999798792756539
hazelnut,patchcore,42,percentile_95,0.9996428571428572,0.999798792756539
hazelnut,patchcore,42,top_1_percent_mean,0.9996428571428572,0.999798792756539
hazelnut,patchcore,42,gaussian_pooled_max,0.9996428571428572,0.999798792756539
leather,autoencoder,123,global_max,0.5268342391304348,0.8176342854240156
leather,autoencoder,123,percentile_99,0.5254755434782609,0.8173474472716273
leather,autoencoder,123,percentile_95,0.5264945652173912,0.8173195739647645
leather,autoencoder,123,top_1_percent_mean,0.5261548913043478,0.8168993030973599
leather,autoencoder,123,gaussian_pooled_max,0.522078804347826,0.8163965304887801
leather,autoencoder,2026,global_max,0.49626358695652173,0.7914838671410498
leather,autoencoder,2026,percentile_99,0.49660326086956524,0.7910105890511174
leather,autoencoder,2026,percentile_95,0.49694293478260876,0.7917858874880325
leather,autoencoder,2026,top_1_percent_mean,0.4966032608695652,0.7909853566191007
leather,autoencoder,2026,gaussian_pooled_max,0.5020380434782609,0.7934155652474901
leather,autoencoder,42,global_max,0.5370244565217391,0.8022752938880449
leather,autoencoder,42,percentile_99,0.5366847826086957,0.8021585127516193
leather,autoencoder,42,percentile_95,0.5366847826086957,0.8018860820515364
leather,autoencoder,42,top_1_percent_mean,0.5366847826086957,0.8020950587505116
leather,autoencoder,42,gaussian_pooled_max,0.5394021739130435,0.8026146373769673
leather,padim,123,global_max,0.9989809782608696,0.9996567505720826
leather,padim,123,percentile_99,0.9989809782608696,0.9996567505720826
leather,padim,123,percentile_95,0.9989809782608696,0.9996567505720826
leather,padim,123,top_1_percent_mean,0.9989809782608696,0.9996567505720826
leather,padim,123,gaussian_pooled_max,0.9989809782608696,0.9996567505720826
leather,padim,2026,global_max,1.0,1.0000000000000002
leather,padim,2026,percentile_99,1.0,1.0000000000000002
leather,padim,2026,percentile_95,1.0,1.0000000000000002
leather,padim,2026,top_1_percent_mean,1.0,1.0000000000000002
leather,padim,2026,gaussian_pooled_max,1.0,1.0000000000000002
leather,padim,42,global_max,0.9993206521739131,0.9997649755066368
leather,padim,42,percentile_99,0.9993206521739131,0.9997649755066368
leather,padim,42,percentile_95,0.9993206521739131,0.9997649755066368
leather,padim,42,top_1_percent_mean,0.9993206521739131,0.9997649755066368
leather,padim,42,gaussian_pooled_max,0.9996603260869565,0.9998831229546519
leather,patchcore,123,global_max,1.0,1.0000000000000002
leather,patchcore,123,percentile_99,1.0,1.0000000000000002
leather,patchcore,123,percentile_95,1.0,1.0000000000000002
leather,patchcore,123,top_1_percent_mean,1.0,1.0000000000000002
leather,patchcore,123,gaussian_pooled_max,1.0,1.0000000000000002
leather,patchcore,2026,global_max,1.0,1.0000000000000002
leather,patchcore,2026,percentile_99,1.0,1.0000000000000002
leather,patchcore,2026,percentile_95,1.0,1.0000000000000002
leather,patchcore,2026,top_1_percent_mean,1.0,1.0000000000000002
leather,patchcore,2026,gaussian_pooled_max,1.0,1.0000000000000002
leather,patchcore,42,global_max,1.0,1.0000000000000002
leather,patchcore,42,percentile_99,1.0,1.0000000000000002
leather,patchcore,42,percentile_95,1.0,1.0000000000000002
leather,patchcore,42,top_1_percent_mean,1.0,1.0000000000000002
leather,patchcore,42,gaussian_pooled_max,1.0,1.0000000000000002
metal_nut,autoencoder,123,global_max,0.2966764418377322,0.6973862272746377
metal_nut,autoencoder,123,percentile_99,0.2981427174975562,0.6977234278028399
metal_nut,autoencoder,123,percentile_95,0.29765395894428154,0.6975695343452911
metal_nut,autoencoder,123,top_1_percent_mean,0.2981427174975562,0.6977234278028399
metal_nut,autoencoder,123,gaussian_pooled_max,0.29765395894428154,0.6985020837868103
metal_nut,autoencoder,2026,global_max,0.30058651026392963,0.6962207296891312
metal_nut,autoencoder,2026,percentile_99,0.301564027370479,0.6965216911553611
metal_nut,autoencoder,2026,percentile_95,0.30254154447702836,0.6972115843583331
metal_nut,autoencoder,2026,top_1_percent_mean,0.30058651026392963,0.6963125070358702
metal_nut,autoencoder,2026,gaussian_pooled_max,0.3020527859237537,0.6967163338590244
metal_nut,autoencoder,42,global_max,0.29472140762463345,0.6938819612438297
metal_nut,autoencoder,42,percentile_99,0.29472140762463345,0.6938819612438297
metal_nut,autoencoder,42,percentile_95,0.2961876832844575,0.6943330824174927
metal_nut,autoencoder,42,top_1_percent_mean,0.29472140762463345,0.6938819612438297
metal_nut,autoencoder,42,gaussian_pooled_max,0.2956989247311828,0.6941796415741764
metal_nut,padim,123,global_max,0.9736070381231672,0.9937335839161832
metal_nut,padim,123,percentile_99,0.9736070381231672,0.9937335839161832
metal_nut,padim,123,percentile_95,0.9740957966764419,0.993844284206218
metal_nut,padim,123,top_1_percent_mean,0.9736070381231672,0.9937335839161832
metal_nut,padim,123,gaussian_pooled_max,0.9711632453567938,0.9930615132760536
metal_nut,padim,2026,global_max,0.97702834799609,0.9945508471755875
metal_nut,padim,2026,percentile_99,0.97702834799609,0.9945508471755875
metal_nut,padim,2026,percentile_95,0.97702834799609,0.9945508471755875
metal_nut,padim,2026,top_1_percent_mean,0.97702834799609,0.9945508471755875
metal_nut,padim,2026,gaussian_pooled_max,0.9789833822091887,0.9950633268562441
metal_nut,padim,42,global_max,0.9711632453567937,0.9919883759664878
metal_nut,padim,42,percentile_99,0.9711632453567937,0.9919883759664878
metal_nut,padim,42,percentile_95,0.9726295210166177,0.9924053835470861
metal_nut,padim,42,top_1_percent_mean,0.9711632453567937,0.9919883759664878
metal_nut,padim,42,gaussian_pooled_max,0.9721407624633431,0.992323750853336
metal_nut,patchcore,123,global_max,0.9980449657869013,0.9995448470180255
metal_nut,patchcore,123,percentile_99,0.9980449657869013,0.9995448470180255
metal_nut,patchcore,123,percentile_95,0.9980449657869013,0.9995448470180255
metal_nut,patchcore,123,top_1_percent_mean,0.9980449657869013,0.9995448470180255
metal_nut,patchcore,123,gaussian_pooled_max,0.9975562072336266,0.9994279699726771
metal_nut,patchcore,2026,global_max,0.9960899315738025,0.9991158245806935
metal_nut,patchcore,2026,percentile_99,0.9960899315738025,0.9991158245806935
metal_nut,patchcore,2026,percentile_95,0.9960899315738025,0.9991158245806935
metal_nut,patchcore,2026,top_1_percent_mean,0.9960899315738025,0.9991158245806935
metal_nut,patchcore,2026,gaussian_pooled_max,0.9965786901270772,0.9992188961123365
metal_nut,patchcore,42,global_max,0.9970674486803519,0.9993240928301989
metal_nut,patchcore,42,percentile_99,0.9970674486803519,0.9993240928301989
metal_nut,patchcore,42,percentile_95,0.9970674486803519,0.9993240928301989
metal_nut,patchcore,42,top_1_percent_mean,0.9970674486803519,0.9993240928301989
metal_nut,patchcore,42,gaussian_pooled_max,0.9965786901270772,0.9992188961123365
