category,method,seed,tau_q99,fa_q99,md_q99,cwe_q99_r10,cwe_q99_r20,cwe_q99_r50,tau_b5,fa_b5,md_b5,cwe_b5_r10,cwe_b5_r20,cwe_b5_r50,tau_cct_r10,fa_cct_r10,md_cct_r10,cwe_cct_r10,cwe_cct_r20,cwe_cct_r50,tau_oracle,fa_oracle,md_oracle,cwe_oracle_r10,n_eval_nominal,fa_resolution_per_1k,budget_violated_out_of_sample
bottle,autoencoder,123,0.09050713982433081,0.0,969.6969696969697,0.09696969696969697,0.19393939393939394,0.48484848484848486,0.09142702603712678,0.0,969.6969696969697,0.09696969696969697,0.19393939393939394,0.48484848484848486,2.3949314951896667,0.0,1000.0,0.1,0.2,0.5,0.046426765620708466,1000.0,0.0,0.99,10,100.0,False
bottle,autoencoder,2026,0.09400937020778656,0.0,939.3939393939395,0.09393939393939396,0.18787878787878792,0.4696969696969698,0.09503174882382155,0.0,939.3939393939395,0.09393939393939396,0.18787878787878792,0.4696969696969698,0.10487012006342411,0.0,939.3939393939395,0.09393939393939396,0.18787878787878792,0.4696969696969698,0.03830008301883936,1000.0,0.0,0.99,10,100.0,False
bottle,autoencoder,42,0.07081452997401357,100.0,727.2727272727273,0.17172727272727273,0.24445454545454545,0.4626363636363636,0.07098811239935458,100.0,727.2727272727273,0.17172727272727273,0.24445454545454545,0.4626363636363636,0.07130127586424351,100.0,757.5757575757576,0.17475757575757578,0.2505151515151515,0.47778787878787876,0.04474485758692026,1000.0,0.0,0.99,10,100.0,True
bottle,padim,123,10.96381763458252,100.0,0.0,0.099,0.099,0.099,10.992203731536865,100.0,0.0,0.099,0.099,0.099,13.006994247436523,100.0,30.303030303030305,0.10203030303030304,0.10506060606060606,0.11415151515151516,12.701048851013184,100.0,0.0,0.099,10,100.0,True
bottle,padim,2026,11.7667813205719,100.0,0.0,0.099,0.099,0.099,11.842494244575501,100.0,0.0,0.099,0.099,0.099,15.245959281921387,0.0,90.9090909090909,0.00909090909090909,0.01818181818181818,0.045454545454545456,14.298434257507324,100.0,0.0,0.099,10,100.0,False
bottle,padim,42,12.255313167572021,100.0,0.0,0.099,0.099,0.099,12.352567319869996,100.0,0.0,0.099,0.099,0.099,12.691410064697266,100.0,0.0,0.099,0.099,0.099,14.433589935302734,100.0,0.0,0.099,10,100.0,True
bottle,patchcore,123,1.3251088321208955,200.0,0.0,0.198,0.198,0.198,1.329594048857689,200.0,0.0,0.198,0.198,0.198,1.8966333866119385,0.0,30.303030303030305,0.0030303030303030303,0.006060606060606061,0.015151515151515152,1.7288048267364502,0.0,0.0,0.0,10,100.0,False
bottle,patchcore,2026,1.3496076369285583,200.0,0.0,0.198,0.198,0.198,1.3539644134044648,200.0,0.0,0.198,0.198,0.198,1.9487248659133911,0.0,60.60606060606061,0.006060606060606061,0.012121212121212121,0.030303030303030304,1.7120931148529053,0.0,0.0,0.0,10,100.0,False
bottle,patchcore,42,1.3813127422332763,100.0,0.0,0.099,0.099,0.099,1.3838304352760316,100.0,0.0,0.099,0.099,0.099,1.7189830541610718,0.0,0.0,0.0,0.0,0.0,1.941513180732727,0.0,0.0,0.0,10,100.0,False
cable,autoencoder,123,0.39941837757825843,34.48275862068965,978.2608695652174,0.1319640179910045,0.22979010494752625,0.5232683658170916,0.40897402226924895,34.48275862068965,978.2608695652174,0.1319640179910045,0.22979010494752625,0.5232683658170916,0.40897402226924895,34.48275862068965,978.2608695652174,0.1319640179910045,0.22979010494752625,0.5232683658170916,0.03260404523462057,1000.0,0.0,0.99,29,34.48275862068966,True
cable,autoencoder,2026,0.42329317629337304,0.0,1000.0,0.1,0.2,0.5,0.42802685648202893,0.0,1000.0,0.1,0.2,0.5,0.42802685648202893,0.0,1000.0,0.1,0.2,0.5,0.03367588855326176,1000.0,0.0,0.99,29,34.48275862068966,False
cable,autoencoder,42,0.40216705352067944,34.48275862068965,1000.0,0.13413793103448277,0.23413793103448277,0.5341379310344827,0.4043483555316925,34.48275862068965,1000.0,0.13413793103448277,0.23413793103448277,0.5341379310344827,0.44909997284412384,0.0,1000.0,0.1,0.2,0.5,0.043059464544057846,1000.0,0.0,0.99,29,34.48275862068966,False
cable,padim,123,19.713598175048826,0.0,782.608695652174,0.0782608695652174,0.1565217391304348,0.391304347826087,19.942046127319337,0.0,782.608695652174,0.0782608695652174,0.1565217391304348,0.391304347826087,20.25025749206543,0.0,782.608695652174,0.0782608695652174,0.1565217391304348,0.391304347826087,12.567169189453125,344.82758620689657,65.21739130434783,0.3479010494752624,29,34.48275862068966,False
cable,padim,2026,20.204742584228512,0.0,847.8260869565217,0.08478260869565218,0.16956521739130437,0.4239130434782609,20.631318168640135,0.0,847.8260869565217,0.08478260869565218,0.16956521739130437,0.4239130434782609,21.43943977355957,0.0,891.3043478260869,0.0891304347826087,0.1782608695652174,0.44565217391304346,13.187005996704102,172.41379310344828,108.69565217391305,0.1815592203898051,29,34.48275862068966,False
cable,padim,42,18.463850288391107,0.0,760.8695652173914,0.07608695652173914,0.15217391304347827,0.3804347826086957,18.98725999832153,0.0,760.8695652173914,0.07608695652173914,0.15217391304347827,0.3804347826086957,20.304155349731445,0.0,869.5652173913044,0.08695652173913043,0.17391304347826086,0.43478260869565216,12.015583038330078,448.2758620689655,43.47826086956522,0.4481409295352324,29,34.48275862068966,False
cable,patchcore,123,2.3045736503601075,34.48275862068965,65.21739130434783,0.04065967016491754,0.047181409295352326,0.06674662668665668,2.3099303817749024,34.48275862068965,65.21739130434783,0.04065967016491754,0.047181409295352326,0.06674662668665668,2.325206995010376,34.48275862068965,86.95652173913044,0.0428335832083958,0.051529235382308844,0.07761619190404798,2.261200189590454,68.9655172413793,21.73913043478261,0.07044977511244378,29,34.48275862068966,True
cable,patchcore,2026,2.383962459564209,0.0,130.43478260869566,0.013043478260869565,0.02608695652173913,0.06521739130434782,2.3893530702590944,0.0,130.43478260869566,0.013043478260869565,0.02608695652173913,0.06521739130434782,2.3970165252685547,0.0,130.43478260869566,0.013043478260869565,0.02608695652173913,0.06521739130434782,2.2651312351226807,34.48275862068965,43.47826086956522,0.038485757121439285,29,34.48275862068966,False
cable,patchcore,42,2.3235983657836914,34.48275862068965,65.21739130434783,0.04065967016491754,0.047181409295352326,0.06674662668665668,2.3253419303894045,34.48275862068965,65.21739130434783,0.04065967016491754,0.047181409295352326,0.06674662668665668,2.3592262268066406,0.0,65.21739130434783,0.006521739130434782,0.013043478260869565,0.03260869565217391,2.272026538848877,103.44827586206897,0.0,0.10241379310344827,29,34.48275862068966,False
carpet,autoencoder,123,0.085144745670259,71.42857142857143,977.7777777777777,0.16849206349206347,0.26626984126984127,0.5596031746031745,0.08531088033691049,71.42857142857143,1000.0,0.1707142857142857,0.27071428571428574,0.5707142857142857,0.08531088033691049,71.42857142857143,1000.0,0.1707142857142857,0.27071428571428574,0.5707142857142857,0.04779516626149416,1000.0,0.0,0.99,14,71.42857142857143,True
carpet,autoencoder,2026,0.09206347538158297,0.0,1000.0,0.1,0.2,0.5,0.09263998082838953,0.0,1000.0,0.1,0.2,0.5,0.09263998082838953,0.0,1000.0,0.1,0.2,0.5,0.045529816299676895,1000.0,0.0,0.99,14,71.42857142857143,False
carpet,autoencoder,42,0.08777107533067464,71.42857142857143,1000.0,0.1707142857142857,0.27071428571428574,0.5707142857142857,0.08799778228625656,71.42857142857143,1000.0,0.1707142857142857,0.27071428571428574,0.5707142857142857,0.08799778228625656,71.42857142857143,1000.0,0.1707142857142857,0.27071428571428574,0.5707142857142857,0.04832977522164583,1000.0,0.0,0.99,14,71.42857142857143,True
carpet,padim,123,9.961421756744384,214.28571428571428,111.1111111111111,0.22325396825396823,0.23436507936507936,0.26769841269841266,9.96173752784729,214.28571428571428,111.1111111111111,0.22325396825396823,0.23436507936507936,0.26769841269841266,9.979308128356934,214.28571428571428,111.1111111111111,0.22325396825396823,0.23436507936507936,0.26769841269841266,9.027238845825195,357.14285714285717,0.0,0.3535714285714286,14,71.42857142857143,True
carpet,padim,2026,9.81241641998291,71.42857142857143,66.66666666666667,0.07738095238095238,0.08404761904761905,0.10404761904761906,9.896239452362062,71.42857142857143,66.66666666666667,0.07738095238095238,0.08404761904761905,0.10404761904761906,10.569316864013672,71.42857142857143,133.33333333333334,0.08404761904761905,0.09738095238095237,0.13738095238095238,9.604654312133789,142.85714285714286,44.44444444444444,0.14587301587301588,14,71.42857142857143,True
carpet,padim,42,11.601955709457396,0.0,244.44444444444443,0.024444444444444442,0.048888888888888885,0.12222222222222222,11.738381533622743,0.0,244.44444444444443,0.024444444444444442,0.048888888888888885,0.12222222222222222,11.996689796447754,0.0,266.6666666666667,0.026666666666666665,0.05333333333333333,0.13333333333333333,8.996193885803223,428.57142857142856,22.22222222222222,0.4265079365079365,14,71.42857142857143,False
carpet,patchcore,123,1.305818724632263,0.0,22.22222222222222,0.0022222222222222222,0.0044444444444444444,0.011111111111111112,1.3128220677375795,0.0,44.44444444444444,0.0044444444444444444,0.008888888888888889,0.022222222222222223,1.496871829032898,0.0,200.0,0.02,0.04,0.1,1.3113757371902466,0.0,22.22222222222222,0.0022222222222222222,14,71.42857142857143,False
carpet,patchcore,2026,1.2906488287448883,71.42857142857143,44.44444444444444,0.07515873015873016,0.0796031746031746,0.09293650793650794,1.2934120351076126,71.42857142857143,44.44444444444444,0.07515873015873016,0.0796031746031746,0.09293650793650794,1.4214131832122803,0.0,111.1111111111111,0.011111111111111112,0.022222222222222223,0.05555555555555555,1.3190006017684937,0.0,44.44444444444444,0.0044444444444444444,14,71.42857142857143,False
carpet,patchcore,42,1.290561693906784,71.42857142857143,66.66666666666667,0.07738095238095238,0.08404761904761905,0.10404761904761906,1.2919203728437423,71.42857142857143,66.66666666666667,0.07738095238095238,0.08404761904761905,0.10404761904761906,1.3523812294006348,0.0,88.88888888888889,0.008888888888888889,0.017777777777777778,0.044444444444444446,1.2196760177612305,214.28571428571428,0.0,0.21214285714285713,14,71.42857142857143,False
grid,autoencoder,123,0.022772560883313416,200.0,0.0,0.198,0.198,0.198,0.022778851706534625,200.0,0.0,0.198,0.198,0.198,0.026257936842739582,0.0,0.0,0.0,0.0,0.0,0.026570630259811878,0.0,0.0,0.0,15,66.66666666666667,False
grid,autoencoder,2026,0.022381452787667514,266.6666666666667,0.0,0.264,0.264,0.264,0.022386720608919858,266.6666666666667,0.0,0.264,0.264,0.264,0.028106114827096462,0.0,0.0,0.0,0.0,0.0,0.02957644686102867,0.0,0.0,0.0,15,66.66666666666667,False
grid,autoencoder,42,0.01885293873026967,0.0,0.0,0.0,0.0,0.0,0.018853203542530537,0.0,0.0,0.0,0.0,0.0,0.0265396642498672,0.0,157.89473684210526,0.015789473684210527,0.031578947368421054,0.07894736842105263,0.02411806909367442,0.0,0.0,0.0,15,66.66666666666667,False
grid,padim,123,5.72165738105774,66.66666666666667,0.0,0.066,0.066,0.066,5.7329369115829465,66.66666666666667,0.0,0.066,0.066,0.066,25.076465606689453,0.0,26.31578947368421,0.002631578947368421,0.005263157894736842,0.013157894736842105,23.927875518798828,0.0,0.0,0.0,15,66.66666666666667,False
grid,padim,2026,5.330759925842285,133.33333333333334,0.0,0.132,0.132,0.132,5.347650966644287,133.33333333333334,0.0,0.132,0.132,0.132,24.795286178588867,0.0,26.31578947368421,0.002631578947368421,0.005263157894736842,0.013157894736842105,24.733314514160156,0.0,0.0,0.0,15,66.66666666666667,False
grid,padim,42,5.753379964828491,66.66666666666667,0.0,0.066,0.066,0.066,5.766215872764588,66.66666666666667,0.0,0.066,0.066,0.066,24.701963424682617,0.0,0.0,0.0,0.0,0.0,25.68144989013672,0.0,0.0,0.0,15,66.66666666666667,False
grid,patchcore,123,0.6258157396316528,0.0,0.0,0.0,0.0,0.0,0.6261167478561401,0.0,0.0,0.0,0.0,0.0,2.489218235015869,0.0,0.0,0.0,0.0,0.0,2.5549986362457275,0.0,0.0,0.0,15,66.66666666666667,False
grid,patchcore,2026,0.5882972991466522,133.33333333333334,0.0,0.132,0.132,0.132,0.5892233508825302,133.33333333333334,0.0,0.132,0.132,0.132,2.488258123397827,0.0,0.0,0.0,0.0,0.0,2.5626108646392822,0.0,0.0,0.0,15,66.66666666666667,False
grid,patchcore,42,0.5959240567684173,66.66666666666667,0.0,0.066,0.066,0.066,0.5959637647867203,66.66666666666667,0.0,0.066,0.066,0.066,2.5582733154296875,0.0,26.31578947368421,0.002631578947368421,0.005263157894736842,0.013157894736842105,2.487945079803467,0.0,0.0,0.0,15,66.66666666666667,False
hazelnut,autoencoder,123,0.04055631080642342,100.0,742.8571428571429,0.1732857142857143,0.24757142857142858,0.4704285714285714,0.0411823816318065,50.0,742.8571428571429,0.12378571428571429,0.19807142857142856,0.42092857142857143,0.04557901527732611,50.0,742.8571428571429,0.12378571428571429,0.19807142857142856,0.42092857142857143,0.01711498061195016,750.0,0.0,0.7424999999999999,20,50.0,True
hazelnut,autoencoder,2026,0.036332607008516773,50.0,657.1428571428571,0.11521428571428573,0.18092857142857144,0.37807142857142856,0.037275342606008066,50.0,657.1428571428571,0.11521428571428573,0.18092857142857144,0.37807142857142856,0.040601677261292934,50.0,714.2857142857143,0.12092857142857144,0.1923571428571429,0.40664285714285714,0.017610698472708464,750.0,0.0,0.7424999999999999,20,50.0,True
hazelnut,autoencoder,42,0.025966791324317454,300.0,314.2857142857143,0.3284285714285714,0.3598571428571429,0.4541428571428571,0.02606753836385906,300.0,314.2857142857143,0.3284285714285714,0.3598571428571429,0.4541428571428571,0.026355763897299767,300.0,342.85714285714283,0.3312857142857143,0.36557142857142855,0.4684285714285714,0.015678112860769033,800.0,0.0,0.792,20,50.0,True
hazelnut,padim,123,23.656810035705565,0.0,971.4285714285714,0.09714285714285716,0.1942857142857143,0.48571428571428577,23.793832416534425,0.0,971.4285714285714,0.09714285714285716,0.1942857142857143,0.48571428571428577,24.03301239013672,0.0,971.4285714285714,0.09714285714285716,0.1942857142857143,0.48571428571428577,13.058320045471191,450.0,28.57142857142857,0.44835714285714284,20,50.0,False
hazelnut,padim,2026,20.81795890808105,50.0,685.7142857142857,0.11807142857142858,0.18664285714285717,0.39235714285714285,21.125467338562014,50.0,685.7142857142857,0.11807142857142858,0.18664285714285717,0.39235714285714285,22.126304626464844,50.0,714.2857142857143,0.12092857142857144,0.1923571428571429,0.40664285714285714,14.447189331054688,300.0,85.71428571428571,0.30557142857142855,20,50.0,True
hazelnut,padim,42,21.093453502655024,100.0,828.5714285714287,0.18185714285714288,0.26471428571428574,0.5132857142857143,21.62625842094422,50.0,828.5714285714287,0.13235714285714287,0.21521428571428575,0.46378571428571436,22.375896453857422,50.0,857.1428571428571,0.13521428571428573,0.22092857142857142,0.4780714285714286,13.98404312133789,400.0,28.57142857142857,0.39885714285714285,20,50.0,True
hazelnut,patchcore,123,2.142539608478546,0.0,0.0,0.0,0.0,0.0,2.1539289295673374,0.0,0.0,0.0,0.0,0.0,2.3575077056884766,0.0,0.0,0.0,0.0,0.0,2.378690242767334,0.0,0.0,0.0,20,50.0,False
hazelnut,patchcore,2026,2.0904243326187135,50.0,0.0,0.0495,0.0495,0.0495,2.093257682323456,50.0,0.0,0.0495,0.0495,0.0495,2.375096559524536,0.0,57.14285714285714,0.005714285714285715,0.01142857142857143,0.028571428571428574,2.1524596214294434,50.0,0.0,0.0495,20,50.0,False
hazelnut,patchcore,42,2.0651212406158446,100.0,0.0,0.099,0.099,0.099,2.0729011631011964,100.0,0.0,0.099,0.099,0.099,2.113309621810913,50.0,0.0,0.0495,0.0495,0.0495,2.34645414352417,0.0,0.0,0.0,20,50.0,True
leather,autoencoder,123,0.020033652018755673,0.0,0.0,0.0,0.0,0.0,0.020037120003253223,0.0,0.0,0.0,0.0,0.0,0.02320659812539816,0.0,0.0,0.0,0.0,0.0,0.02398620778694749,0.0,0.0,0.0,15,66.66666666666667,False
leather,autoencoder,2026,0.019492525989189744,133.33333333333334,0.0,0.132,0.132,0.132,0.01949945390690118,133.33333333333334,0.0,0.132,0.132,0.132,0.02288895333185792,0.0,52.63157894736842,0.005263157894736842,0.010526315789473684,0.02631578947368421,0.02240882534533739,0.0,0.0,0.0,15,66.66666666666667,False
leather,autoencoder,42,0.019579455871134997,133.33333333333334,0.0,0.132,0.132,0.132,0.019579739850014447,133.33333333333334,0.0,0.132,0.132,0.132,0.023659285623580217,0.0,26.31578947368421,0.002631578947368421,0.005263157894736842,0.013157894736842105,0.023002052679657936,0.0,0.0,0.0,15,66.66666666666667,False
leather,padim,123,8.543283367156983,0.0,0.0,0.0,0.0,0.0,8.580388021469116,0.0,0.0,0.0,0.0,0.0,25.279064178466797,0.0,52.63157894736842,0.005263157894736842,0.010526315789473684,0.02631578947368421,24.15392303466797,0.0,0.0,0.0,15,66.66666666666667,False
leather,padim,2026,8.833336029052735,0.0,0.0,0.0,0.0,0.0,8.840539531707764,0.0,0.0,0.0,0.0,0.0,26.413393020629883,0.0,26.31578947368421,0.002631578947368421,0.005263157894736842,0.013157894736842105,25.052886962890625,0.0,0.0,0.0,15,66.66666666666667,False
leather,padim,42,8.584822521209716,66.66666666666667,0.0,0.066,0.066,0.066,8.611288480758667,66.66666666666667,0.0,0.066,0.066,0.066,24.191905975341797,0.0,0.0,0.0,0.0,0.0,25.118106842041016,0.0,0.0,0.0,15,66.66666666666667,False
leather,patchcore,123,0.9977798664569855,0.0,0.0,0.0,0.0,0.0,1.0000970464944838,0.0,0.0,0.0,0.0,0.0,2.953674077987671,0.0,0.0,0.0,0.0,0.0,3.0565600395202637,0.0,0.0,0.0,15,66.66666666666667,False
leather,patchcore,2026,0.9828632485866546,0.0,0.0,0.0,0.0,0.0,0.9869805282354355,0.0,0.0,0.0,0.0,0.0,3.0468873977661133,0.0,52.63157894736842,0.005263157894736842,0.010526315789473684,0.02631578947368421,2.953209161758423,0.0,0.0,0.0,15,66.66666666666667,False
leather,patchcore,42,1.0068764567375184,0.0,0.0,0.0,0.0,0.0,1.0144247353076934,0.0,0.0,0.0,0.0,0.0,3.0674519538879395,0.0,52.63157894736842,0.005263157894736842,0.010526315789473684,0.02631578947368421,2.9621124267578125,0.0,0.0,0.0,15,66.66666666666667,False
metal_nut,autoencoder,123,0.08487970773130656,90.9090909090909,1000.0,0.19,0.29000000000000004,0.59,0.08512988416478037,90.9090909090909,1000.0,0.19,0.29000000000000004,0.59,0.08542214520275593,90.9090909090909,1000.0,0.19,0.29000000000000004,0.59,0.03224355448037386,1000.0,0.0,0.99,11,90.9090909090909,True
metal_nut,autoencoder,2026,0.09351949002593757,0.0,1000.0,0.1,0.2,0.5,0.09418599670752882,0.0,1000.0,0.1,0.2,0.5,0.09418599670752882,0.0,1000.0,0.1,0.2,0.5,0.035350991412997246,1000.0,0.0,0.99,11,90.9090909090909,False
metal_nut,autoencoder,42,0.0873371260240674,181.8181818181818,978.7234042553191,0.2778723404255319,0.37574468085106383,0.6693617021276596,0.08763409359380603,181.8181818181818,978.7234042553191,0.2778723404255319,0.37574468085106383,0.6693617021276596,0.08763409359380603,181.8181818181818,978.7234042553191,0.2778723404255319,0.37574468085106383,0.6693617021276596,0.03549186699092388,1000.0,0.0,0.99,11,90.9090909090909,True
metal_nut,padim,123,12.080797004699708,181.8181818181818,42.5531914893617,0.18425531914893617,0.18851063829787235,0.20127659574468085,12.087687873840332,181.8181818181818,42.5531914893617,0.18425531914893617,0.18851063829787235,0.20127659574468085,12.202615737915039,181.8181818181818,42.5531914893617,0.18425531914893617,0.18851063829787235,0.20127659574468085,11.909258842468262,181.8181818181818,21.27659574468085,0.18212765957446808,11,90.9090909090909,True
metal_nut,padim,2026,11.875084590911866,181.8181818181818,85.1063829787234,0.18851063829787235,0.19702127659574467,0.2225531914893617,11.909784173965454,181.8181818181818,85.1063829787234,0.18851063829787235,0.19702127659574467,0.2225531914893617,12.17055892944336,90.9090909090909,106.38297872340425,0.10063829787234042,0.11127659574468085,0.14319148936170212,10.180310249328613,454.5454545454545,0.0,0.44999999999999996,11,90.9090909090909,True
metal_nut,padim,42,12.567617034912109,90.9090909090909,127.6595744680851,0.10276595744680851,0.11553191489361701,0.15382978723404256,12.628258991241454,90.9090909090909,127.6595744680851,0.10276595744680851,0.11553191489361701,0.15382978723404256,12.851832389831543,90.9090909090909,148.93617021276594,0.10489361702127659,0.11978723404255319,0.16446808510638297,12.165793418884277,90.9090909090909,42.5531914893617,0.09425531914893617,11,90.9090909090909,True
metal_nut,patchcore,123,1.9594541311264038,0.0,21.27659574468085,0.002127659574468085,0.00425531914893617,0.010638297872340425,1.961702263355255,0.0,21.27659574468085,0.002127659574468085,0.00425531914893617,0.010638297872340425,1.9847882986068726,0.0,21.27659574468085,0.002127659574468085,0.00425531914893617,0.010638297872340425,1.890952706336975,0.0,0.0,0.0,11,90.9090909090909,False
metal_nut,patchcore,2026,1.8653760313987733,90.9090909090909,21.27659574468085,0.09212765957446808,0.09425531914893617,0.10063829787234042,1.869201022386551,90.9090909090909,21.27659574468085,0.09212765957446808,0.09425531914893617,0.10063829787234042,2.148097276687622,0.0,106.38297872340425,0.010638297872340425,0.02127659574468085,0.05319148936170213,1.8952542543411255,90.9090909090909,21.27659574468085,0.09212765957446808,11,90.9090909090909,False
metal_nut,patchcore,42,1.8163260698318482,181.8181818181818,0.0,0.18,0.18,0.18,1.8197325706481933,181.8181818181818,0.0,0.18,0.18,0.18,1.9819908142089844,90.9090909090909,21.27659574468085,0.09212765957446808,0.09425531914893617,0.10063829787234042,1.919387936592102,90.9090909090909,0.0,0.09,11,90.9090909090909,True
