num_patches_N,feature_dim_D,target_coreset_M,time_cpu_greedy_sec,time_gpu_greedy_sec,time_gpu_batched_sec,speedup_gpu_greedy_vs_cpu,speedup_gpu_batched_vs_cpu,peak_vram_gpu_greedy_mb,peak_vram_gpu_batched_mb,radius_cpu_greedy,radius_gpu_greedy,radius_gpu_batched,radius_random
1000,64,100,0.007321784999930969,0.027973365999969246,0.0028503700000328536,0.2617412934839168,2.5687138862135717,8.869140625,9.333984375,1.052272915840149,1.0449045896530151,1.3896665573120117,1.4550392627716064
5000,64,500,0.14492883500042808,0.055402858999968885,0.0033395110003766604,2.615908955177015,43.3982205730365,11.845703125,14.18896484375,0.8256317377090454,0.8262148499488831,0.9094155430793762,1.0998307466506958
10000,64,1000,0.56342547200029,0.11643531600020651,0.006624298000133422,4.838956867685151,85.05436681576552,15.56494140625,20.81689453125,0.750930666923523,0.7517842650413513,0.7903905510902405,1.0682436227798462
25000,64,2500,4.585418591999769,0.5404333139999835,0.03395386200008943,8.484707498990169,135.04851353839194,26.72265625,39.29833984375,0.6695529222488403,0.6678414940834045,0.6831052899360657,0.9877349138259888
50000,64,5000,21.129338668999935,1.6384972340001696,0.07406531100014035,12.895559559423551,285.2798210617099,45.31884765625,69.5302734375,0.6068721413612366,0.6083641648292542,0.6175798773765564,0.8976341485977173
1000,128,100,0.009938337000221509,0.015274149000106263,0.01823545400020521,0.6506638766030348,0.5450007989990088,9.6015625,9.58984375,1.520524263381958,1.4980491399765015,2.0075931549072266,2.3284411430358887
5000,128,500,0.2596302930001002,0.054416904999925464,0.004058874999827822,4.771133033024496,63.96607262138247,15.5078125,15.421875,1.1843078136444092,1.1831260919570923,1.3288639783859253,1.7909737825393677
10000,128,1000,1.6224961679999979,0.2166426170001614,0.01275233099977413,7.489275150321827,127.23134053129075,22.88916015625,23.95751953125,1.0861276388168335,1.0900776386260986,1.1495200395584106,1.5528686046600342
25000,128,2500,10.16356266799994,0.8602088610000465,0.023986761000287515,11.815226660399853,423.71550989640144,45.033203125,44.48828125,0.9654593467712402,0.9663931131362915,0.9933891892433167,1.4969123601913452
50000,128,5000,39.68565860999979,3.8098738569997295,0.08386577500004933,10.416528236777948,473.2044580757341,81.93994140625,82.67529296875,0.8788539171218872,0.8793464303016663,0.8913477659225464,1.3739895820617676
1000,256,100,0.02209469599984004,0.01619460399979289,0.004388106000078551,1.3643245614479125,5.035132697214818,11.06640625,10.10205078125,2.1310343742370605,2.1464056968688965,3.0651779174804688,2.875337839126587
5000,256,500,0.6420109469995623,0.08545237299995279,0.0034263400002600974,7.513085060843389,187.37514284946226,22.83203125,17.91015625,1.6801183223724365,1.668157696723938,1.884695291519165,2.4525368213653564
10000,256,1000,3.034736411999802,0.44428671700006817,0.008119159999750991,6.830581009693649,373.77467768745475,38.00634765625,28.29150390625,1.5398486852645874,1.5396045446395874,1.6547770500183105,2.1659624576568604
25000,256,2500,20.150183578999986,2.140948166999806,0.03097044600008303,9.411803559558951,650.6261995370027,81.654296875,57.6455078125,1.3754632472991943,1.3720518350601196,1.416722297668457,1.9900035858154297
50000,256,5000,130.399969909,7.508717040999727,0.09763190500007113,17.366478081006267,1335.6286544742213,155.18212890625,107.11376953125,1.2527903318405151,1.2519798278808594,1.2727243900299072,1.8789876699447632
