category,method,seed,cost_ratio,image_auroc,cwe,total_flips,total_flip_rate,nominal_relief_count,nominal_relief_rate,defect_escape_count,defect_escape_rate,defect_catch_count,defect_catch_rate,tau_99,tau_cct
bottle,autoencoder,123,5.0,0.5393939393939394,0.05,1,0.023255813953488372,0,0.0,1,0.030303030303030304,0,0.0,0.09050713982433081,2.3949314951896667
bottle,autoencoder,123,10.0,0.5393939393939394,0.1,1,0.023255813953488372,0,0.0,1,0.030303030303030304,0,0.0,0.09050713982433081,2.3949314951896667
bottle,autoencoder,123,20.0,0.5393939393939394,0.2,1,0.023255813953488372,0,0.0,1,0.030303030303030304,0,0.0,0.09050713982433081,2.3949314951896667
bottle,autoencoder,123,50.0,0.5393939393939394,0.5,1,0.023255813953488372,0,0.0,1,0.030303030303030304,0,0.0,0.09050713982433081,2.3949314951896667
bottle,autoencoder,2026,5.0,0.5363636363636364,0.04696969696969698,0,0.0,0,0.0,0,0.0,0,0.0,0.09400937020778656,0.10487012006342411
bottle,autoencoder,2026,10.0,0.5363636363636364,0.09393939393939396,0,0.0,0,0.0,0,0.0,0,0.0,0.09400937020778656,0.10487012006342411
bottle,autoencoder,2026,20.0,0.5363636363636364,0.18787878787878792,0,0.0,0,0.0,0,0.0,0,0.0,0.09400937020778656,0.10487012006342411
bottle,autoencoder,2026,50.0,0.5363636363636364,0.4696969696969698,0,0.0,0,0.0,0,0.0,0,0.0,0.09400937020778656,0.10487012006342411
bottle,autoencoder,42,5.0,0.4484848484848485,0.13687878787878788,1,0.023255813953488372,0,0.0,1,0.030303030303030304,0,0.0,0.07081452997401357,0.07130127586424351
bottle,autoencoder,42,10.0,0.4484848484848485,0.17475757575757578,1,0.023255813953488372,0,0.0,1,0.030303030303030304,0,0.0,0.07081452997401357,0.07130127586424351
bottle,autoencoder,42,20.0,0.4484848484848485,0.2505151515151515,1,0.023255813953488372,0,0.0,1,0.030303030303030304,0,0.0,0.07081452997401357,0.07130127586424351
bottle,autoencoder,42,50.0,0.4484848484848485,0.47778787878787876,1,0.023255813953488372,0,0.0,1,0.030303030303030304,0,0.0,0.07081452997401357,0.07130127586424351
bottle,padim,123,5.0,0.9969696969696971,0.10051515151515152,1,0.023255813953488372,0,0.0,1,0.030303030303030304,0,0.0,10.96381763458252,13.006994247436523
bottle,padim,123,10.0,0.9969696969696971,0.10203030303030304,1,0.023255813953488372,0,0.0,1,0.030303030303030304,0,0.0,10.96381763458252,13.006994247436523
bottle,padim,123,20.0,0.9969696969696971,0.10506060606060606,1,0.023255813953488372,0,0.0,1,0.030303030303030304,0,0.0,10.96381763458252,13.006994247436523
bottle,padim,123,50.0,0.9969696969696971,0.11415151515151516,1,0.023255813953488372,0,0.0,1,0.030303030303030304,0,0.0,10.96381763458252,13.006994247436523
bottle,padim,2026,5.0,0.993939393939394,0.004545454545454545,4,0.09302325581395349,1,0.1,3,0.09090909090909091,0,0.0,11.7667813205719,15.245959281921387
bottle,padim,2026,10.0,0.993939393939394,0.00909090909090909,4,0.09302325581395349,1,0.1,3,0.09090909090909091,0,0.0,11.7667813205719,15.245959281921387
bottle,padim,2026,20.0,0.993939393939394,0.01818181818181818,4,0.09302325581395349,1,0.1,3,0.09090909090909091,0,0.0,11.7667813205719,15.245959281921387
bottle,padim,2026,50.0,0.993939393939394,0.045454545454545456,4,0.09302325581395349,1,0.1,3,0.09090909090909091,0,0.0,11.7667813205719,15.245959281921387
bottle,padim,42,5.0,0.9969696969696971,0.099,0,0.0,0,0.0,0,0.0,0,0.0,12.255313167572021,12.691410064697266
bottle,padim,42,10.0,0.9969696969696971,0.099,0,0.0,0,0.0,0,0.0,0,0.0,12.255313167572021,12.691410064697266
bottle,padim,42,20.0,0.9969696969696971,0.099,0,0.0,0,0.0,0,0.0,0,0.0,12.255313167572021,12.691410064697266
bottle,padim,42,50.0,0.9969696969696971,0.099,0,0.0,0,0.0,0,0.0,0,0.0,12.255313167572021,12.691410064697266
bottle,patchcore,123,5.0,1.0,0.0015151515151515152,3,0.06976744186046512,2,0.2,1,0.030303030303030304,0,0.0,1.3251088321208955,1.8966333866119385
bottle,patchcore,123,10.0,1.0,0.0030303030303030303,3,0.06976744186046512,2,0.2,1,0.030303030303030304,0,0.0,1.3251088321208955,1.8966333866119385
bottle,patchcore,123,20.0,1.0,0.006060606060606061,3,0.06976744186046512,2,0.2,1,0.030303030303030304,0,0.0,1.3251088321208955,1.8966333866119385
bottle,patchcore,123,50.0,1.0,0.015151515151515152,3,0.06976744186046512,2,0.2,1,0.030303030303030304,0,0.0,1.3251088321208955,1.8966333866119385
bottle,patchcore,2026,5.0,1.0,0.0030303030303030303,4,0.09302325581395349,2,0.2,2,0.06060606060606061,0,0.0,1.3496076369285583,1.9487248659133911
bottle,patchcore,2026,10.0,1.0,0.006060606060606061,4,0.09302325581395349,2,0.2,2,0.06060606060606061,0,0.0,1.3496076369285583,1.9487248659133911
bottle,patchcore,2026,20.0,1.0,0.012121212121212121,4,0.09302325581395349,2,0.2,2,0.06060606060606061,0,0.0,1.3496076369285583,1.9487248659133911
bottle,patchcore,2026,50.0,1.0,0.030303030303030304,4,0.09302325581395349,2,0.2,2,0.06060606060606061,0,0.0,1.3496076369285583,1.9487248659133911
bottle,patchcore,42,5.0,1.0,0.0,1,0.023255813953488372,1,0.1,0,0.0,0,0.0,1.3813127422332763,1.7189830541610718
bottle,patchcore,42,10.0,1.0,0.0,1,0.023255813953488372,1,0.1,0,0.0,0,0.0,1.3813127422332763,1.7189830541610718
bottle,patchcore,42,20.0,1.0,0.0,1,0.023255813953488372,1,0.1,0,0.0,0,0.0,1.3813127422332763,1.7189830541610718
bottle,patchcore,42,50.0,1.0,0.0,1,0.023255813953488372,1,0.1,0,0.0,0,0.0,1.3813127422332763,1.7189830541610718
cable,autoencoder,123,5.0,0.487256371814093,0.08305097451274362,0,0.0,0,0.0,0,0.0,0,0.0,0.39941837757825843,0.40897402226924895
cable,autoencoder,123,10.0,0.487256371814093,0.1319640179910045,0,0.0,0,0.0,0,0.0,0,0.0,0.39941837757825843,0.40897402226924895
cable,autoencoder,123,20.0,0.487256371814093,0.22979010494752625,0,0.0,0,0.0,0,0.0,0,0.0,0.39941837757825843,0.40897402226924895
cable,autoencoder,123,50.0,0.487256371814093,0.5232683658170916,0,0.0,0,0.0,0,0.0,0,0.0,0.39941837757825843,0.40897402226924895
cable,autoencoder,2026,5.0,0.424287856071964,0.05,0,0.0,0,0.0,0,0.0,0,0.0,0.42329317629337304,0.42802685648202893
cable,autoencoder,2026,10.0,0.424287856071964,0.1,0,0.0,0,0.0,0,0.0,0,0.0,0.42329317629337304,0.42802685648202893
cable,autoencoder,2026,20.0,0.424287856071964,0.2,0,0.0,0,0.0,0,0.0,0,0.0,0.42329317629337304,0.42802685648202893
cable,autoencoder,2026,50.0,0.424287856071964,0.5,0,0.0,0,0.0,0,0.0,0,0.0,0.42329317629337304,0.42802685648202893
cable,autoencoder,42,5.0,0.4407796101949025,0.05,1,0.013333333333333334,1,0.034482758620689655,0,0.0,0,0.0,0.40216705352067944,0.44909997284412384
cable,autoencoder,42,10.0,0.4407796101949025,0.1,1,0.013333333333333334,1,0.034482758620689655,0,0.0,0,0.0,0.40216705352067944,0.44909997284412384
cable,autoencoder,42,20.0,0.4407796101949025,0.2,1,0.013333333333333334,1,0.034482758620689655,0,0.0,0,0.0,0.40216705352067944,0.44909997284412384
cable,autoencoder,42,50.0,0.4407796101949025,0.5,1,0.013333333333333334,1,0.034482758620689655,0,0.0,0,0.0,0.40216705352067944,0.44909997284412384
cable,padim,123,5.0,0.8845577211394303,0.0391304347826087,0,0.0,0,0.0,0,0.0,0,0.0,19.713598175048826,20.25025749206543
cable,padim,123,10.0,0.8845577211394303,0.0782608695652174,0,0.0,0,0.0,0,0.0,0,0.0,19.713598175048826,20.25025749206543
cable,padim,123,20.0,0.8845577211394303,0.1565217391304348,0,0.0,0,0.0,0,0.0,0,0.0,19.713598175048826,20.25025749206543
cable,padim,123,50.0,0.8845577211394303,0.391304347826087,0,0.0,0,0.0,0,0.0,0,0.0,19.713598175048826,20.25025749206543
cable,padim,2026,5.0,0.9182908545727136,0.04456521739130435,2,0.02666666666666667,0,0.0,2,0.043478260869565216,0,0.0,20.204742584228512,21.43943977355957
cable,padim,2026,10.0,0.9182908545727136,0.0891304347826087,2,0.02666666666666667,0,0.0,2,0.043478260869565216,0,0.0,20.204742584228512,21.43943977355957
cable,padim,2026,20.0,0.9182908545727136,0.1782608695652174,2,0.02666666666666667,0,0.0,2,0.043478260869565216,0,0.0,20.204742584228512,21.43943977355957
cable,padim,2026,50.0,0.9182908545727136,0.44565217391304346,2,0.02666666666666667,0,0.0,2,0.043478260869565216,0,0.0,20.204742584228512,21.43943977355957
cable,padim,42,5.0,0.8605697151424287,0.043478260869565216,5,0.06666666666666667,0,0.0,5,0.10869565217391304,0,0.0,18.463850288391107,20.304155349731445
cable,padim,42,10.0,0.8605697151424287,0.08695652173913043,5,0.06666666666666667,0,0.0,5,0.10869565217391304,0,0.0,18.463850288391107,20.304155349731445
cable,padim,42,20.0,0.8605697151424287,0.17391304347826086,5,0.06666666666666667,0,0.0,5,0.10869565217391304,0,0.0,18.463850288391107,20.304155349731445
cable,padim,42,50.0,0.8605697151424287,0.43478260869565216,5,0.06666666666666667,0,0.0,5,0.10869565217391304,0,0.0,18.463850288391107,20.304155349731445
cable,patchcore,123,5.0,0.9857571214392804,0.038485757121439285,1,0.013333333333333334,0,0.0,1,0.021739130434782608,0,0.0,2.3045736503601075,2.325206995010376
cable,patchcore,123,10.0,0.9857571214392804,0.0428335832083958,1,0.013333333333333334,0,0.0,1,0.021739130434782608,0,0.0,2.3045736503601075,2.325206995010376
cable,patchcore,123,20.0,0.9857571214392804,0.051529235382308844,1,0.013333333333333334,0,0.0,1,0.021739130434782608,0,0.0,2.3045736503601075,2.325206995010376
cable,patchcore,123,50.0,0.9857571214392804,0.07761619190404798,1,0.013333333333333334,0,0.0,1,0.021739130434782608,0,0.0,2.3045736503601075,2.325206995010376
cable,patchcore,2026,5.0,0.9925037481259371,0.006521739130434782,0,0.0,0,0.0,0,0.0,0,0.0,2.383962459564209,2.3970165252685547
cable,patchcore,2026,10.0,0.9925037481259371,0.013043478260869565,0,0.0,0,0.0,0,0.0,0,0.0,2.383962459564209,2.3970165252685547
cable,patchcore,2026,20.0,0.9925037481259371,0.02608695652173913,0,0.0,0,0.0,0,0.0,0,0.0,2.383962459564209,2.3970165252685547
cable,patchcore,2026,50.0,0.9925037481259371,0.06521739130434782,0,0.0,0,0.0,0,0.0,0,0.0,2.383962459564209,2.3970165252685547
cable,patchcore,42,5.0,0.9940029985007497,0.003260869565217391,1,0.013333333333333334,1,0.034482758620689655,0,0.0,0,0.0,2.3235983657836914,2.3592262268066406
cable,patchcore,42,10.0,0.9940029985007497,0.006521739130434782,1,0.013333333333333334,1,0.034482758620689655,0,0.0,0,0.0,2.3235983657836914,2.3592262268066406
cable,patchcore,42,20.0,0.9940029985007497,0.013043478260869565,1,0.013333333333333334,1,0.034482758620689655,0,0.0,0,0.0,2.3235983657836914,2.3592262268066406
cable,patchcore,42,50.0,0.9940029985007497,0.03260869565217391,1,0.013333333333333334,1,0.034482758620689655,0,0.0,0,0.0,2.3235983657836914,2.3592262268066406
carpet,autoencoder,123,5.0,0.3682539682539683,0.12071428571428572,1,0.01694915254237288,0,0.0,1,0.022222222222222223,0,0.0,0.085144745670259,0.08531088033691049
carpet,autoencoder,123,10.0,0.3682539682539683,0.1707142857142857,1,0.01694915254237288,0,0.0,1,0.022222222222222223,0,0.0,0.085144745670259,0.08531088033691049
carpet,autoencoder,123,20.0,0.3682539682539683,0.27071428571428574,1,0.01694915254237288,0,0.0,1,0.022222222222222223,0,0.0,0.085144745670259,0.08531088033691049
carpet,autoencoder,123,50.0,0.3682539682539683,0.5707142857142857,1,0.01694915254237288,0,0.0,1,0.022222222222222223,0,0.0,0.085144745670259,0.08531088033691049
carpet,autoencoder,2026,5.0,0.3412698412698413,0.05,0,0.0,0,0.0,0,0.0,0,0.0,0.09206347538158297,0.09263998082838953
carpet,autoencoder,2026,10.0,0.3412698412698413,0.1,0,0.0,0,0.0,0,0.0,0,0.0,0.09206347538158297,0.09263998082838953
carpet,autoencoder,2026,20.0,0.3412698412698413,0.2,0,0.0,0,0.0,0,0.0,0,0.0,0.09206347538158297,0.09263998082838953
carpet,autoencoder,2026,50.0,0.3412698412698413,0.5,0,0.0,0,0.0,0,0.0,0,0.0,0.09206347538158297,0.09263998082838953
carpet,autoencoder,42,5.0,0.4158730158730159,0.12071428571428572,0,0.0,0,0.0,0,0.0,0,0.0,0.08777107533067464,0.08799778228625656
carpet,autoencoder,42,10.0,0.4158730158730159,0.1707142857142857,0,0.0,0,0.0,0,0.0,0,0.0,0.08777107533067464,0.08799778228625656
carpet,autoencoder,42,20.0,0.4158730158730159,0.27071428571428574,0,0.0,0,0.0,0,0.0,0,0.0,0.08777107533067464,0.08799778228625656
carpet,autoencoder,42,50.0,0.4158730158730159,0.5707142857142857,0,0.0,0,0.0,0,0.0,0,0.0,0.08777107533067464,0.08799778228625656
carpet,padim,123,5.0,0.946031746031746,0.2176984126984127,0,0.0,0,0.0,0,0.0,0,0.0,9.961421756744384,9.979308128356934
carpet,padim,123,10.0,0.946031746031746,0.22325396825396823,0,0.0,0,0.0,0,0.0,0,0.0,9.961421756744384,9.979308128356934
carpet,padim,123,20.0,0.946031746031746,0.23436507936507936,0,0.0,0,0.0,0,0.0,0,0.0,9.961421756744384,9.979308128356934
carpet,padim,123,50.0,0.946031746031746,0.26769841269841266,0,0.0,0,0.0,0,0.0,0,0.0,9.961421756744384,9.979308128356934
carpet,padim,2026,5.0,0.973015873015873,0.07738095238095238,3,0.05084745762711865,0,0.0,3,0.06666666666666667,0,0.0,9.81241641998291,10.569316864013672
carpet,padim,2026,10.0,0.973015873015873,0.08404761904761905,3,0.05084745762711865,0,0.0,3,0.06666666666666667,0,0.0,9.81241641998291,10.569316864013672
carpet,padim,2026,20.0,0.973015873015873,0.09738095238095237,3,0.05084745762711865,0,0.0,3,0.06666666666666667,0,0.0,9.81241641998291,10.569316864013672
carpet,padim,2026,50.0,0.973015873015873,0.13738095238095238,3,0.05084745762711865,0,0.0,3,0.06666666666666667,0,0.0,9.81241641998291,10.569316864013672
carpet,padim,42,5.0,0.9444444444444444,0.013333333333333332,1,0.01694915254237288,0,0.0,1,0.022222222222222223,0,0.0,11.601955709457396,11.996689796447754
carpet,padim,42,10.0,0.9444444444444444,0.026666666666666665,1,0.01694915254237288,0,0.0,1,0.022222222222222223,0,0.0,11.601955709457396,11.996689796447754
carpet,padim,42,20.0,0.9444444444444444,0.05333333333333333,1,0.01694915254237288,0,0.0,1,0.022222222222222223,0,0.0,11.601955709457396,11.996689796447754
carpet,padim,42,50.0,0.9444444444444444,0.13333333333333333,1,0.01694915254237288,0,0.0,1,0.022222222222222223,0,0.0,11.601955709457396,11.996689796447754
carpet,patchcore,123,5.0,0.9904761904761904,0.01,8,0.13559322033898305,0,0.0,8,0.17777777777777778,0,0.0,1.305818724632263,1.496871829032898
carpet,patchcore,123,10.0,0.9904761904761904,0.02,8,0.13559322033898305,0,0.0,8,0.17777777777777778,0,0.0,1.305818724632263,1.496871829032898
carpet,patchcore,123,20.0,0.9904761904761904,0.04,8,0.13559322033898305,0,0.0,8,0.17777777777777778,0,0.0,1.305818724632263,1.496871829032898
carpet,patchcore,123,50.0,0.9904761904761904,0.1,8,0.13559322033898305,0,0.0,8,0.17777777777777778,0,0.0,1.305818724632263,1.496871829032898
carpet,patchcore,2026,5.0,0.9904761904761905,0.005555555555555556,4,0.06779661016949153,1,0.07142857142857142,3,0.06666666666666667,0,0.0,1.2906488287448883,1.4214131832122803
carpet,patchcore,2026,10.0,0.9904761904761905,0.011111111111111112,4,0.06779661016949153,1,0.07142857142857142,3,0.06666666666666667,0,0.0,1.2906488287448883,1.4214131832122803
carpet,patchcore,2026,20.0,0.9904761904761905,0.022222222222222223,4,0.06779661016949153,1,0.07142857142857142,3,0.06666666666666667,0,0.0,1.2906488287448883,1.4214131832122803
carpet,patchcore,2026,50.0,0.9904761904761905,0.05555555555555555,4,0.06779661016949153,1,0.07142857142857142,3,0.06666666666666667,0,0.0,1.2906488287448883,1.4214131832122803
carpet,patchcore,42,5.0,0.9873015873015873,0.0044444444444444444,2,0.03389830508474576,1,0.07142857142857142,1,0.022222222222222223,0,0.0,1.290561693906784,1.3523812294006348
carpet,patchcore,42,10.0,0.9873015873015873,0.008888888888888889,2,0.03389830508474576,1,0.07142857142857142,1,0.022222222222222223,0,0.0,1.290561693906784,1.3523812294006348
carpet,patchcore,42,20.0,0.9873015873015873,0.017777777777777778,2,0.03389830508474576,1,0.07142857142857142,1,0.022222222222222223,0,0.0,1.290561693906784,1.3523812294006348
carpet,patchcore,42,50.0,0.9873015873015873,0.044444444444444446,2,0.03389830508474576,1,0.07142857142857142,1,0.022222222222222223,0,0.0,1.290561693906784,1.3523812294006348
grid,autoencoder,123,5.0,1.0,0.0,3,0.05660377358490566,3,0.2,0,0.0,0,0.0,0.022772560883313416,0.026257936842739582
grid,autoencoder,123,10.0,1.0,0.0,3,0.05660377358490566,3,0.2,0,0.0,0,0.0,0.022772560883313416,0.026257936842739582
grid,autoencoder,123,20.0,1.0,0.0,3,0.05660377358490566,3,0.2,0,0.0,0,0.0,0.022772560883313416,0.026257936842739582
grid,autoencoder,123,50.0,1.0,0.0,3,0.05660377358490566,3,0.2,0,0.0,0,0.0,0.022772560883313416,0.026257936842739582
grid,autoencoder,2026,5.0,1.0,0.0,4,0.07547169811320754,4,0.26666666666666666,0,0.0,0,0.0,0.022381452787667514,0.028106114827096462
grid,autoencoder,2026,10.0,1.0,0.0,4,0.07547169811320754,4,0.26666666666666666,0,0.0,0,0.0,0.022381452787667514,0.028106114827096462
grid,autoencoder,2026,20.0,1.0,0.0,4,0.07547169811320754,4,0.26666666666666666,0,0.0,0,0.0,0.022381452787667514,0.028106114827096462
grid,autoencoder,2026,50.0,1.0,0.0,4,0.07547169811320754,4,0.26666666666666666,0,0.0,0,0.0,0.022381452787667514,0.028106114827096462
grid,autoencoder,42,5.0,1.0,0.007894736842105263,6,0.11320754716981132,0,0.0,6,0.15789473684210525,0,0.0,0.01885293873026967,0.0265396642498672
grid,autoencoder,42,10.0,1.0,0.015789473684210527,6,0.11320754716981132,0,0.0,6,0.15789473684210525,0,0.0,0.01885293873026967,0.0265396642498672
grid,autoencoder,42,20.0,1.0,0.031578947368421054,6,0.11320754716981132,0,0.0,6,0.15789473684210525,0,0.0,0.01885293873026967,0.0265396642498672
grid,autoencoder,42,50.0,1.0,0.07894736842105263,6,0.11320754716981132,0,0.0,6,0.15789473684210525,0,0.0,0.01885293873026967,0.0265396642498672
grid,padim,123,5.0,1.0,0.0013157894736842105,2,0.03773584905660377,1,0.06666666666666667,1,0.02631578947368421,0,0.0,5.72165738105774,25.076465606689453
grid,padim,123,10.0,1.0,0.002631578947368421,2,0.03773584905660377,1,0.06666666666666667,1,0.02631578947368421,0,0.0,5.72165738105774,25.076465606689453
grid,padim,123,20.0,1.0,0.005263157894736842,2,0.03773584905660377,1,0.06666666666666667,1,0.02631578947368421,0,0.0,5.72165738105774,25.076465606689453
grid,padim,123,50.0,1.0,0.013157894736842105,2,0.03773584905660377,1,0.06666666666666667,1,0.02631578947368421,0,0.0,5.72165738105774,25.076465606689453
grid,padim,2026,5.0,1.0,0.0013157894736842105,3,0.05660377358490566,2,0.13333333333333333,1,0.02631578947368421,0,0.0,5.330759925842285,24.795286178588867
grid,padim,2026,10.0,1.0,0.002631578947368421,3,0.05660377358490566,2,0.13333333333333333,1,0.02631578947368421,0,0.0,5.330759925842285,24.795286178588867
grid,padim,2026,20.0,1.0,0.005263157894736842,3,0.05660377358490566,2,0.13333333333333333,1,0.02631578947368421,0,0.0,5.330759925842285,24.795286178588867
grid,padim,2026,50.0,1.0,0.013157894736842105,3,0.05660377358490566,2,0.13333333333333333,1,0.02631578947368421,0,0.0,5.330759925842285,24.795286178588867
grid,padim,42,5.0,1.0,0.0,1,0.018867924528301886,1,0.06666666666666667,0,0.0,0,0.0,5.753379964828491,24.701963424682617
grid,padim,42,10.0,1.0,0.0,1,0.018867924528301886,1,0.06666666666666667,0,0.0,0,0.0,5.753379964828491,24.701963424682617
grid,padim,42,20.0,1.0,0.0,1,0.018867924528301886,1,0.06666666666666667,0,0.0,0,0.0,5.753379964828491,24.701963424682617
grid,padim,42,50.0,1.0,0.0,1,0.018867924528301886,1,0.06666666666666667,0,0.0,0,0.0,5.753379964828491,24.701963424682617
grid,patchcore,123,5.0,1.0,0.0,0,0.0,0,0.0,0,0.0,0,0.0,0.6258157396316528,2.489218235015869
grid,patchcore,123,10.0,1.0,0.0,0,0.0,0,0.0,0,0.0,0,0.0,0.6258157396316528,2.489218235015869
grid,patchcore,123,20.0,1.0,0.0,0,0.0,0,0.0,0,0.0,0,0.0,0.6258157396316528,2.489218235015869
grid,patchcore,123,50.0,1.0,0.0,0,0.0,0,0.0,0,0.0,0,0.0,0.6258157396316528,2.489218235015869
grid,patchcore,2026,5.0,1.0,0.0,2,0.03773584905660377,2,0.13333333333333333,0,0.0,0,0.0,0.5882972991466522,2.488258123397827
grid,patchcore,2026,10.0,1.0,0.0,2,0.03773584905660377,2,0.13333333333333333,0,0.0,0,0.0,0.5882972991466522,2.488258123397827
grid,patchcore,2026,20.0,1.0,0.0,2,0.03773584905660377,2,0.13333333333333333,0,0.0,0,0.0,0.5882972991466522,2.488258123397827
grid,patchcore,2026,50.0,1.0,0.0,2,0.03773584905660377,2,0.13333333333333333,0,0.0,0,0.0,0.5882972991466522,2.488258123397827
grid,patchcore,42,5.0,1.0,0.0013157894736842105,2,0.03773584905660377,1,0.06666666666666667,1,0.02631578947368421,0,0.0,0.5959240567684173,2.5582733154296875
grid,patchcore,42,10.0,1.0,0.002631578947368421,2,0.03773584905660377,1,0.06666666666666667,1,0.02631578947368421,0,0.0,0.5959240567684173,2.5582733154296875
grid,patchcore,42,20.0,1.0,0.005263157894736842,2,0.03773584905660377,1,0.06666666666666667,1,0.02631578947368421,0,0.0,0.5959240567684173,2.5582733154296875
grid,patchcore,42,50.0,1.0,0.013157894736842105,2,0.03773584905660377,1,0.06666666666666667,1,0.02631578947368421,0,0.0,0.5959240567684173,2.5582733154296875
hazelnut,autoencoder,123,5.0,0.6728571428571428,0.08664285714285715,1,0.01818181818181818,1,0.05,0,0.0,0,0.0,0.04055631080642342,0.04557901527732611
hazelnut,autoencoder,123,10.0,0.6728571428571428,0.12378571428571429,1,0.01818181818181818,1,0.05,0,0.0,0,0.0,0.04055631080642342,0.04557901527732611
hazelnut,autoencoder,123,20.0,0.6728571428571428,0.19807142857142856,1,0.01818181818181818,1,0.05,0,0.0,0,0.0,0.04055631080642342,0.04557901527732611
hazelnut,autoencoder,123,50.0,0.6728571428571428,0.42092857142857143,1,0.01818181818181818,1,0.05,0,0.0,0,0.0,0.04055631080642342,0.04557901527732611
hazelnut,autoencoder,2026,5.0,0.67,0.08521428571428571,2,0.03636363636363636,0,0.0,2,0.05714285714285714,0,0.0,0.036332607008516773,0.040601677261292934
hazelnut,autoencoder,2026,10.0,0.67,0.12092857142857144,2,0.03636363636363636,0,0.0,2,0.05714285714285714,0,0.0,0.036332607008516773,0.040601677261292934
hazelnut,autoencoder,2026,20.0,0.67,0.1923571428571429,2,0.03636363636363636,0,0.0,2,0.05714285714285714,0,0.0,0.036332607008516773,0.040601677261292934
hazelnut,autoencoder,2026,50.0,0.67,0.40664285714285714,2,0.03636363636363636,0,0.0,2,0.05714285714285714,0,0.0,0.036332607008516773,0.040601677261292934
hazelnut,autoencoder,42,5.0,0.7157142857142857,0.3141428571428571,1,0.01818181818181818,0,0.0,1,0.02857142857142857,0,0.0,0.025966791324317454,0.026355763897299767
hazelnut,autoencoder,42,10.0,0.7157142857142857,0.3312857142857143,1,0.01818181818181818,0,0.0,1,0.02857142857142857,0,0.0,0.025966791324317454,0.026355763897299767
hazelnut,autoencoder,42,20.0,0.7157142857142857,0.36557142857142855,1,0.01818181818181818,0,0.0,1,0.02857142857142857,0,0.0,0.025966791324317454,0.026355763897299767
hazelnut,autoencoder,42,50.0,0.7157142857142857,0.4684285714285714,1,0.01818181818181818,0,0.0,1,0.02857142857142857,0,0.0,0.025966791324317454,0.026355763897299767
hazelnut,padim,123,5.0,0.8814285714285715,0.04857142857142858,0,0.0,0,0.0,0,0.0,0,0.0,23.656810035705565,24.03301239013672
hazelnut,padim,123,10.0,0.8814285714285715,0.09714285714285716,0,0.0,0,0.0,0,0.0,0,0.0,23.656810035705565,24.03301239013672
hazelnut,padim,123,20.0,0.8814285714285715,0.1942857142857143,0,0.0,0,0.0,0,0.0,0,0.0,23.656810035705565,24.03301239013672
hazelnut,padim,123,50.0,0.8814285714285715,0.48571428571428577,0,0.0,0,0.0,0,0.0,0,0.0,23.656810035705565,24.03301239013672
hazelnut,padim,2026,5.0,0.8628571428571428,0.08521428571428571,1,0.01818181818181818,0,0.0,1,0.02857142857142857,0,0.0,20.81795890808105,22.126304626464844
hazelnut,padim,2026,10.0,0.8628571428571428,0.12092857142857144,1,0.01818181818181818,0,0.0,1,0.02857142857142857,0,0.0,20.81795890808105,22.126304626464844
hazelnut,padim,2026,20.0,0.8628571428571428,0.1923571428571429,1,0.01818181818181818,0,0.0,1,0.02857142857142857,0,0.0,20.81795890808105,22.126304626464844
hazelnut,padim,2026,50.0,0.8628571428571428,0.40664285714285714,1,0.01818181818181818,0,0.0,1,0.02857142857142857,0,0.0,20.81795890808105,22.126304626464844
hazelnut,padim,42,5.0,0.76,0.09235714285714286,2,0.03636363636363636,1,0.05,1,0.02857142857142857,0,0.0,21.093453502655024,22.375896453857422
hazelnut,padim,42,10.0,0.76,0.13521428571428573,2,0.03636363636363636,1,0.05,1,0.02857142857142857,0,0.0,21.093453502655024,22.375896453857422
hazelnut,padim,42,20.0,0.76,0.22092857142857142,2,0.03636363636363636,1,0.05,1,0.02857142857142857,0,0.0,21.093453502655024,22.375896453857422
hazelnut,padim,42,50.0,0.76,0.4780714285714286,2,0.03636363636363636,1,0.05,1,0.02857142857142857,0,0.0,21.093453502655024,22.375896453857422
hazelnut,patchcore,123,5.0,1.0,0.0,0,0.0,0,0.0,0,0.0,0,0.0,2.142539608478546,2.3575077056884766
hazelnut,patchcore,123,10.0,1.0,0.0,0,0.0,0,0.0,0,0.0,0,0.0,2.142539608478546,2.3575077056884766
hazelnut,patchcore,123,20.0,1.0,0.0,0,0.0,0,0.0,0,0.0,0,0.0,2.142539608478546,2.3575077056884766
hazelnut,patchcore,123,50.0,1.0,0.0,0,0.0,0,0.0,0,0.0,0,0.0,2.142539608478546,2.3575077056884766
hazelnut,patchcore,2026,5.0,0.9985714285714286,0.0028571428571428576,3,0.05454545454545454,1,0.05,2,0.05714285714285714,0,0.0,2.0904243326187135,2.375096559524536
hazelnut,patchcore,2026,10.0,0.9985714285714286,0.005714285714285715,3,0.05454545454545454,1,0.05,2,0.05714285714285714,0,0.0,2.0904243326187135,2.375096559524536
hazelnut,patchcore,2026,20.0,0.9985714285714286,0.01142857142857143,3,0.05454545454545454,1,0.05,2,0.05714285714285714,0,0.0,2.0904243326187135,2.375096559524536
hazelnut,patchcore,2026,50.0,0.9985714285714286,0.028571428571428574,3,0.05454545454545454,1,0.05,2,0.05714285714285714,0,0.0,2.0904243326187135,2.375096559524536
hazelnut,patchcore,42,5.0,1.0,0.0495,1,0.01818181818181818,1,0.05,0,0.0,0,0.0,2.0651212406158446,2.113309621810913
hazelnut,patchcore,42,10.0,1.0,0.0495,1,0.01818181818181818,1,0.05,0,0.0,0,0.0,2.0651212406158446,2.113309621810913
hazelnut,patchcore,42,20.0,1.0,0.0495,1,0.01818181818181818,1,0.05,0,0.0,0,0.0,2.0651212406158446,2.113309621810913
hazelnut,patchcore,42,50.0,1.0,0.0495,1,0.01818181818181818,1,0.05,0,0.0,0,0.0,2.0651212406158446,2.113309621810913
leather,autoencoder,123,5.0,1.0,0.0,0,0.0,0,0.0,0,0.0,0,0.0,0.020033652018755673,0.02320659812539816
leather,autoencoder,123,10.0,1.0,0.0,0,0.0,0,0.0,0,0.0,0,0.0,0.020033652018755673,0.02320659812539816
leather,autoencoder,123,20.0,1.0,0.0,0,0.0,0,0.0,0,0.0,0,0.0,0.020033652018755673,0.02320659812539816
leather,autoencoder,123,50.0,1.0,0.0,0,0.0,0,0.0,0,0.0,0,0.0,0.020033652018755673,0.02320659812539816
leather,autoencoder,2026,5.0,1.0,0.002631578947368421,4,0.07547169811320754,2,0.13333333333333333,2,0.05263157894736842,0,0.0,0.019492525989189744,0.02288895333185792
leather,autoencoder,2026,10.0,1.0,0.005263157894736842,4,0.07547169811320754,2,0.13333333333333333,2,0.05263157894736842,0,0.0,0.019492525989189744,0.02288895333185792
leather,autoencoder,2026,20.0,1.0,0.010526315789473684,4,0.07547169811320754,2,0.13333333333333333,2,0.05263157894736842,0,0.0,0.019492525989189744,0.02288895333185792
leather,autoencoder,2026,50.0,1.0,0.02631578947368421,4,0.07547169811320754,2,0.13333333333333333,2,0.05263157894736842,0,0.0,0.019492525989189744,0.02288895333185792
leather,autoencoder,42,5.0,1.0,0.0013157894736842105,3,0.05660377358490566,2,0.13333333333333333,1,0.02631578947368421,0,0.0,0.019579455871134997,0.023659285623580217
leather,autoencoder,42,10.0,1.0,0.002631578947368421,3,0.05660377358490566,2,0.13333333333333333,1,0.02631578947368421,0,0.0,0.019579455871134997,0.023659285623580217
leather,autoencoder,42,20.0,1.0,0.005263157894736842,3,0.05660377358490566,2,0.13333333333333333,1,0.02631578947368421,0,0.0,0.019579455871134997,0.023659285623580217
leather,autoencoder,42,50.0,1.0,0.013157894736842105,3,0.05660377358490566,2,0.13333333333333333,1,0.02631578947368421,0,0.0,0.019579455871134997,0.023659285623580217
leather,padim,123,5.0,1.0,0.002631578947368421,2,0.03773584905660377,0,0.0,2,0.05263157894736842,0,0.0,8.543283367156983,25.279064178466797
leather,padim,123,10.0,1.0,0.005263157894736842,2,0.03773584905660377,0,0.0,2,0.05263157894736842,0,0.0,8.543283367156983,25.279064178466797
leather,padim,123,20.0,1.0,0.010526315789473684,2,0.03773584905660377,0,0.0,2,0.05263157894736842,0,0.0,8.543283367156983,25.279064178466797
leather,padim,123,50.0,1.0,0.02631578947368421,2,0.03773584905660377,0,0.0,2,0.05263157894736842,0,0.0,8.543283367156983,25.279064178466797
leather,padim,2026,5.0,1.0,0.0013157894736842105,1,0.018867924528301886,0,0.0,1,0.02631578947368421,0,0.0,8.833336029052735,26.413393020629883
leather,padim,2026,10.0,1.0,0.002631578947368421,1,0.018867924528301886,0,0.0,1,0.02631578947368421,0,0.0,8.833336029052735,26.413393020629883
leather,padim,2026,20.0,1.0,0.005263157894736842,1,0.018867924528301886,0,0.0,1,0.02631578947368421,0,0.0,8.833336029052735,26.413393020629883
leather,padim,2026,50.0,1.0,0.013157894736842105,1,0.018867924528301886,0,0.0,1,0.02631578947368421,0,0.0,8.833336029052735,26.413393020629883
leather,padim,42,5.0,1.0,0.0,1,0.018867924528301886,1,0.06666666666666667,0,0.0,0,0.0,8.584822521209716,24.191905975341797
leather,padim,42,10.0,1.0,0.0,1,0.018867924528301886,1,0.06666666666666667,0,0.0,0,0.0,8.584822521209716,24.191905975341797
leather,padim,42,20.0,1.0,0.0,1,0.018867924528301886,1,0.06666666666666667,0,0.0,0,0.0,8.584822521209716,24.191905975341797
leather,padim,42,50.0,1.0,0.0,1,0.018867924528301886,1,0.06666666666666667,0,0.0,0,0.0,8.584822521209716,24.191905975341797
leather,patchcore,123,5.0,1.0,0.0,0,0.0,0,0.0,0,0.0,0,0.0,0.9977798664569855,2.953674077987671
leather,patchcore,123,10.0,1.0,0.0,0,0.0,0,0.0,0,0.0,0,0.0,0.9977798664569855,2.953674077987671
leather,patchcore,123,20.0,1.0,0.0,0,0.0,0,0.0,0,0.0,0,0.0,0.9977798664569855,2.953674077987671
leather,patchcore,123,50.0,1.0,0.0,0,0.0,0,0.0,0,0.0,0,0.0,0.9977798664569855,2.953674077987671
leather,patchcore,2026,5.0,1.0,0.002631578947368421,2,0.03773584905660377,0,0.0,2,0.05263157894736842,0,0.0,0.9828632485866546,3.0468873977661133
leather,patchcore,2026,10.0,1.0,0.005263157894736842,2,0.03773584905660377,0,0.0,2,0.05263157894736842,0,0.0,0.9828632485866546,3.0468873977661133
leather,patchcore,2026,20.0,1.0,0.010526315789473684,2,0.03773584905660377,0,0.0,2,0.05263157894736842,0,0.0,0.9828632485866546,3.0468873977661133
leather,patchcore,2026,50.0,1.0,0.02631578947368421,2,0.03773584905660377,0,0.0,2,0.05263157894736842,0,0.0,0.9828632485866546,3.0468873977661133
leather,patchcore,42,5.0,1.0,0.002631578947368421,2,0.03773584905660377,0,0.0,2,0.05263157894736842,0,0.0,1.0068764567375184,3.0674519538879395
leather,patchcore,42,10.0,1.0,0.005263157894736842,2,0.03773584905660377,0,0.0,2,0.05263157894736842,0,0.0,1.0068764567375184,3.0674519538879395
leather,patchcore,42,20.0,1.0,0.010526315789473684,2,0.03773584905660377,0,0.0,2,0.05263157894736842,0,0.0,1.0068764567375184,3.0674519538879395
leather,patchcore,42,50.0,1.0,0.02631578947368421,2,0.03773584905660377,0,0.0,2,0.05263157894736842,0,0.0,1.0068764567375184,3.0674519538879395
metal_nut,autoencoder,123,5.0,0.28433268858800775,0.14,0,0.0,0,0.0,0,0.0,0,0.0,0.08487970773130656,0.08542214520275593
metal_nut,autoencoder,123,10.0,0.28433268858800775,0.19,0,0.0,0,0.0,0,0.0,0,0.0,0.08487970773130656,0.08542214520275593
metal_nut,autoencoder,123,20.0,0.28433268858800775,0.29000000000000004,0,0.0,0,0.0,0,0.0,0,0.0,0.08487970773130656,0.08542214520275593
metal_nut,autoencoder,123,50.0,0.28433268858800775,0.59,0,0.0,0,0.0,0,0.0,0,0.0,0.08487970773130656,0.08542214520275593
metal_nut,autoencoder,2026,5.0,0.3249516441005803,0.05,0,0.0,0,0.0,0,0.0,0,0.0,0.09351949002593757,0.09418599670752882
metal_nut,autoencoder,2026,10.0,0.3249516441005803,0.1,0,0.0,0,0.0,0,0.0,0,0.0,0.09351949002593757,0.09418599670752882
metal_nut,autoencoder,2026,20.0,0.3249516441005803,0.2,0,0.0,0,0.0,0,0.0,0,0.0,0.09351949002593757,0.09418599670752882
metal_nut,autoencoder,2026,50.0,0.3249516441005803,0.5,0,0.0,0,0.0,0,0.0,0,0.0,0.09351949002593757,0.09418599670752882
metal_nut,autoencoder,42,5.0,0.344294003868472,0.22893617021276594,0,0.0,0,0.0,0,0.0,0,0.0,0.0873371260240674,0.08763409359380603
metal_nut,autoencoder,42,10.0,0.344294003868472,0.2778723404255319,0,0.0,0,0.0,0,0.0,0,0.0,0.0873371260240674,0.08763409359380603
metal_nut,autoencoder,42,20.0,0.344294003868472,0.37574468085106383,0,0.0,0,0.0,0,0.0,0,0.0,0.0873371260240674,0.08763409359380603
metal_nut,autoencoder,42,50.0,0.344294003868472,0.6693617021276596,0,0.0,0,0.0,0,0.0,0,0.0,0.0873371260240674,0.08763409359380603
metal_nut,padim,123,5.0,0.9671179883945842,0.18212765957446808,0,0.0,0,0.0,0,0.0,0,0.0,12.080797004699708,12.202615737915039
metal_nut,padim,123,10.0,0.9671179883945842,0.18425531914893617,0,0.0,0,0.0,0,0.0,0,0.0,12.080797004699708,12.202615737915039
metal_nut,padim,123,20.0,0.9671179883945842,0.18851063829787235,0,0.0,0,0.0,0,0.0,0,0.0,12.080797004699708,12.202615737915039
metal_nut,padim,123,50.0,0.9671179883945842,0.20127659574468085,0,0.0,0,0.0,0,0.0,0,0.0,12.080797004699708,12.202615737915039
metal_nut,padim,2026,5.0,0.9574468085106382,0.0953191489361702,2,0.034482758620689655,1,0.09090909090909091,1,0.02127659574468085,0,0.0,11.875084590911866,12.17055892944336
metal_nut,padim,2026,10.0,0.9574468085106382,0.10063829787234042,2,0.034482758620689655,1,0.09090909090909091,1,0.02127659574468085,0,0.0,11.875084590911866,12.17055892944336
metal_nut,padim,2026,20.0,0.9574468085106382,0.11127659574468085,2,0.034482758620689655,1,0.09090909090909091,1,0.02127659574468085,0,0.0,11.875084590911866,12.17055892944336
metal_nut,padim,2026,50.0,0.9574468085106382,0.14319148936170212,2,0.034482758620689655,1,0.09090909090909091,1,0.02127659574468085,0,0.0,11.875084590911866,12.17055892944336
metal_nut,padim,42,5.0,0.9419729206963249,0.09744680851063829,1,0.017241379310344827,0,0.0,1,0.02127659574468085,0,0.0,12.567617034912109,12.851832389831543
metal_nut,padim,42,10.0,0.9419729206963249,0.10489361702127659,1,0.017241379310344827,0,0.0,1,0.02127659574468085,0,0.0,12.567617034912109,12.851832389831543
metal_nut,padim,42,20.0,0.9419729206963249,0.11978723404255319,1,0.017241379310344827,0,0.0,1,0.02127659574468085,0,0.0,12.567617034912109,12.851832389831543
metal_nut,padim,42,50.0,0.9419729206963249,0.16446808510638297,1,0.017241379310344827,0,0.0,1,0.02127659574468085,0,0.0,12.567617034912109,12.851832389831543
metal_nut,patchcore,123,5.0,1.0,0.0010638297872340426,0,0.0,0,0.0,0,0.0,0,0.0,1.9594541311264038,1.9847882986068726
metal_nut,patchcore,123,10.0,1.0,0.002127659574468085,0,0.0,0,0.0,0,0.0,0,0.0,1.9594541311264038,1.9847882986068726
metal_nut,patchcore,123,20.0,1.0,0.00425531914893617,0,0.0,0,0.0,0,0.0,0,0.0,1.9594541311264038,1.9847882986068726
metal_nut,patchcore,123,50.0,1.0,0.010638297872340425,0,0.0,0,0.0,0,0.0,0,0.0,1.9594541311264038,1.9847882986068726
metal_nut,patchcore,2026,5.0,0.9903288201160542,0.005319148936170213,5,0.08620689655172414,1,0.09090909090909091,4,0.0851063829787234,0,0.0,1.8653760313987733,2.148097276687622
metal_nut,patchcore,2026,10.0,0.9903288201160542,0.010638297872340425,5,0.08620689655172414,1,0.09090909090909091,4,0.0851063829787234,0,0.0,1.8653760313987733,2.148097276687622
metal_nut,patchcore,2026,20.0,0.9903288201160542,0.02127659574468085,5,0.08620689655172414,1,0.09090909090909091,4,0.0851063829787234,0,0.0,1.8653760313987733,2.148097276687622
metal_nut,patchcore,2026,50.0,0.9903288201160542,0.05319148936170213,5,0.08620689655172414,1,0.09090909090909091,4,0.0851063829787234,0,0.0,1.8653760313987733,2.148097276687622
metal_nut,patchcore,42,5.0,0.9980657640232108,0.09106382978723404,2,0.034482758620689655,1,0.09090909090909091,1,0.02127659574468085,0,0.0,1.8163260698318482,1.9819908142089844
metal_nut,patchcore,42,10.0,0.9980657640232108,0.09212765957446808,2,0.034482758620689655,1,0.09090909090909091,1,0.02127659574468085,0,0.0,1.8163260698318482,1.9819908142089844
metal_nut,patchcore,42,20.0,0.9980657640232108,0.09425531914893617,2,0.034482758620689655,1,0.09090909090909091,1,0.02127659574468085,0,0.0,1.8163260698318482,1.9819908142089844
metal_nut,patchcore,42,50.0,0.9980657640232108,0.10063829787234042,2,0.034482758620689655,1,0.09090909090909091,1,0.02127659574468085,0,0.0,1.8163260698318482,1.9819908142089844
