category,method,tpr_at_5_mean,tpr_at_5_ci_low,tpr_at_5_ci_high,tpr_at_10_mean,tpr_at_10_ci_low,tpr_at_10_ci_high,md_at_1k_mean,md_at_1k_ci_low,md_at_1k_ci_high,fa_at_1k_mean,cwe_r10_mean,cwe_r10_ci_low,cwe_r10_ci_high,overload_prob_mean
bottle,autoencoder,0.0707070707070707,0.04841767202952092,0.24971243052445466,0.0707070707070707,0.0707070707070707,0.0707070707070707,878.7878787878789,677.1091608686485,941.0786037900009,33.333333333333336,0.12087878787878788,0.08804012180511804,0.3780860772193493,0.3333333333333333
bottle,padim,0.9595959595959597,0.9387171178464724,1.0,0.9696969696969697,0.9696969696969697,0.9696969696969697,0.0,0.0,55.0641999708671,100.0,0.09900000000000002,0.001904761904761905,0.3007469362745098,1.0
bottle,patchcore,1.0,1.0,1.0,1.0,1.0,1.0,0.0,0.0,0.0,166.66666666666666,0.165,0.0,0.2971710164835164,1.0
cable,autoencoder,0.010869565217391304,0.0,0.04220979408192853,0.010869565217391304,0.010869565217391304,0.010869565217391304,992.7536231884059,880.5579686648774,1000.0,22.988505747126435,0.12203398300849576,0.09922480620155039,0.2044749162128194,0.0
cable,padim,0.20652173913043478,0.17054963663547676,0.39772337455856804,0.2427536231884058,0.2427536231884058,0.2427536231884058,797.1014492753624,473.07405217574376,807.9755402865868,0.0,0.07971014492753624,0.07002695140776537,0.16766682689728807,0.0
cable,patchcore,0.8768115942028984,0.8256019894977058,0.9375232011195777,0.9021739130434782,0.9021739130434782,0.9021739130434782,86.95652173913044,30.881257940528474,154.27636117270262,22.988505747126435,0.031454272863568215,0.012792922226427089,0.1253527783880464,0.0
carpet,autoencoder,0.0,0.0,0.021092881549208534,0.0,0.0,0.0,992.5925925925926,927.520681737546,1000.0,47.61904761904762,0.1464021164021164,0.10000000000000002,0.3134285063193308,0.6
carpet,padim,0.7827715355805243,0.7251486992233523,0.8990153277405689,0.797752808988764,0.797752808988764,0.797752808988764,140.74074074074073,54.099285867486074,241.4852772382551,95.23809523809524,0.10835978835978834,0.017420522175364363,0.2385200839809205,0.6666666666666666
carpet,patchcore,0.951310861423221,0.9269555749488348,0.9775835411672574,0.951310861423221,0.951310861423221,0.951310861423221,44.444444444444436,14.045092674751064,78.8718904887383,47.61904761904762,0.05158730158730159,0.0050884456876593934,0.21524973101250008,0.6666666666666666
grid,autoencoder,1.0,1.0,1.0,1.0,1.0,1.0,0.0,0.0,0.0,155.55555555555557,0.154,0.0,0.21579722850678734,0.6666666666666666
grid,padim,1.0,1.0,1.0,1.0,1.0,1.0,0.0,0.0,0.0,88.8888888888889,0.08800000000000001,0.0,0.21568088235294117,0.9333333333333332
grid,patchcore,1.0,1.0,1.0,1.0,1.0,1.0,0.0,0.0,0.0,66.66666666666667,0.066,0.0,0.21952706043956038,0.6666666666666666
hazelnut,autoencoder,0.33809523809523806,0.27662472152603734,0.42344844843255847,0.3428571428571428,0.3428571428571428,0.3428571428571428,571.4285714285714,505.2878365378366,735.9775042356177,150.0,0.20564285714285716,0.06827412280701756,0.2137957194387926,0.7333333333333334
hazelnut,padim,0.05238095238095238,0.030303715819107624,0.35760037284418095,0.07142857142857142,0.07142857142857142,0.07142857142857142,828.5714285714286,474.17898760004033,952.3992336492336,50.0,0.13235714285714287,0.08387367724867728,0.22345676972442527,0.39999999999999997
hazelnut,patchcore,0.9904761904761905,0.9757083190451267,1.0,0.9952380952380953,0.9952380952380953,0.9952380952380953,0.0,0.0,20.56352783048703,50.0,0.04950000000000001,0.0008766306792622587,0.16311796771340112,0.5
leather,autoencoder,1.0,1.0,1.0,1.0,1.0,1.0,0.0,0.0,0.0,88.8888888888889,0.08800000000000001,0.0,0.22160472958414132,0.6666666666666666
leather,padim,1.0,1.0,1.0,1.0,1.0,1.0,0.0,0.0,0.0,22.222222222222225,0.022000000000000002,0.0,0.2151173992319599,0.3333333333333333
leather,patchcore,1.0,1.0,1.0,1.0,1.0,1.0,0.0,0.0,0.0,0.0,0.0,0.0,0.216935294117647,0.0
metal_nut,autoencoder,0.0,0.0,0.021317837265792186,0.0,0.0,0.0,992.9078014184397,959.0280612244898,1000.0,90.90909090909092,0.18929078014184397,0.10000000000000002,0.3850469246031746,0.6666666666666666
metal_nut,padim,0.7526881720430106,0.6580513345883039,0.9311737916734334,0.7670250896057347,0.7670250896057347,0.7670250896057347,85.1063829787234,27.7638888888889,302.0314132296597,151.5151515151515,0.15851063829787235,0.019814542786849212,0.29225099487785655,1.0
metal_nut,patchcore,0.971326164874552,0.9533992104396491,0.996415770609319,0.974910394265233,0.974910394265233,0.974910394265233,14.184397163120567,0.0,48.3538982969074,90.90909090909092,0.09141843971631207,0.002882962604771117,0.2803300442612942,0.6666666666666666
