timestamp,seed,category,method,device,fit_time_s,image_auroc,image_ap,pixel_auroc,pixel_ap,aupro,max_f1,optimal_threshold,oracle_max_f1,oracle_threshold,precision_at_optimal,recall_at_optimal,ece,mrd_image_auroc,mrd_aupro,mean_performance_change_auroc,mean_performance_change_aupro,p50_model_ms,p95_model_ms,fps_model,p50_e2e_ms,p95_e2e_ms,fps_e2e,p50_latency_ms,fps,peak_vram_mb
2026-09-26T04:39:31.425052+00:00,42,bottle,patchcore,cuda,22.723824739456177,1.0,1.0,0.9616420459845832,0.493247330308123,0.8657458097658592,1.0,1.7189830541610718,1.0,1.7189830541610718,1.0,1.0,0.23515865908746827,,,,,9.031520366668701,11.43587203025818,110.7233288971536,9.362404500052435,11.48947054999212,106.81016826333443,9.031520366668701,110.7233288971536,204.90771484375
2026-09-26T04:39:47.970333+00:00,42,bottle,padim,cuda,4.498581647872925,0.996969696969697,0.9990744469140839,0.9547898650903562,0.37887976717775296,0.8631386626774928,0.9924812030075187,12.691410064697266,0.9924812030075187,12.691410064697266,0.9850746268656716,1.0,0.3778574031578962,,,,,3.9230719804763794,5.563502264022828,254.90228193023617,4.556994000040504,6.494323349977548,219.44290468477942,3.9230719804763794,254.90228193023617,304.79345703125
2026-09-26T04:40:08.516406+00:00,42,bottle,autoencoder,cuda,11.900629758834839,0.5204545454545454,0.8133480250088565,0.6878019451800025,0.11843092696094491,0.45613716079998334,0.868421052631579,0.03684141207486391,0.868421052631579,0.03684141207486391,0.7674418604651163,1.0,0.7220471615834417,,,,,3.195744037628174,4.235273432731629,312.91617483300786,3.9207195000017236,4.7615464999978485,255.05522647043747,3.195744037628174,312.91617483300786,225.8095703125
2026-09-26T04:41:00.005033+00:00,42,cable,patchcore,cuda,28.037351846694946,0.9889430284857571,0.9934756529611566,0.9856560293725778,0.6714220815165147,0.942545674386409,0.9578947368421052,2.2160043716430664,0.9578947368421052,2.2160043716430664,0.9285714285714286,0.9891304347826086,0.3389023169275061,,,,,9.472752094268799,11.276155233383182,105.56594219382345,9.608248500001082,10.943248249986937,104.07724154926753,9.472752094268799,105.56594219382345,223.091796875
2026-09-26T04:41:25.241905+00:00,42,cable,padim,cuda,7.946123123168945,0.8616941529235382,0.9036004491289333,0.96835178614024,0.4393769288478918,0.9071483746621342,0.859903381642512,12.015583038330078,0.859903381642512,12.015583038330078,0.7739130434782608,0.967391304347826,0.2741893766159916,,,,,3.6663519144058228,5.605035305023194,272.75068606229587,4.4292630001336875,5.16594774984469,225.77119488497686,3.6663519144058228,272.75068606229587,307.49658203125
2026-09-26T04:42:00.755982+00:00,42,cable,autoencoder,cuda,18.09819746017456,0.4525862068965517,0.6171731349903871,0.6454979307928261,0.050149779876363196,0.40402230927423194,0.7603305785123966,0.03223947435617447,0.7603305785123966,0.03223947435617447,0.6133333333333333,1.0,0.3182444638123086,,,,,3.2426400184631348,4.542566537857056,308.39069224648466,4.331515499870875,5.13621234998709,230.86607909629103,3.2426400184631348,308.39069224648466,225.3095703125
2026-09-26T04:43:00.289289+00:00,42,carpet,patchcore,cuda,41.44968056678772,0.9851524879614767,0.9959134893076425,0.989557896763248,0.5560526870945309,0.9349512451445656,0.9770114942528736,1.3281800746917725,0.9770114942528736,1.3281800746917725,1.0,0.9550561797752809,0.3760218650868371,,,,,11.21563196182251,13.887409496307374,89.16127093006916,11.416200499979823,12.555163550064208,87.5948175578878,11.21563196182251,89.16127093006916,262.33935546875
2026-09-26T04:43:27.399576+00:00,42,carpet,padim,cuda,10.597326278686523,0.963884430176565,0.9893905651698662,0.9873996395848027,0.572397525465615,0.9384177629221451,0.9425287356321839,10.730327606201172,0.9425287356321839,10.730327606201172,0.9647058823529412,0.9213483146067416,0.4552099909496255,,,,,4.005872011184692,6.528763008117676,249.63353726927014,5.238889999986895,11.001504300043049,190.8801291881489,4.005872011184692,249.63353726927014,315.8974609375
2026-09-26T04:44:03.076721+00:00,42,carpet,autoencoder,cuda,22.25004506111145,0.37279293739967895,0.6845083396146924,0.7056800440002864,0.07080952796533062,0.4146571615704615,0.8640776699029126,0.04720913525670767,0.8640776699029126,0.04720913525670767,0.7606837606837606,1.0,0.48656029103784654,,,,,3.449023962020874,5.05821123123169,289.9370984404741,4.361876499956452,5.746450699984961,229.25912735263913,3.449023962020874,289.9370984404741,225.3095703125
2026-09-26T04:44:31.985625+00:00,42,grid,patchcore,cuda,14.92656922340393,1.0,1.0000000000000002,0.9931694820248109,0.6522600818194928,0.9807504598496568,1.0,2.487945079803467,1.0,2.487945079803467,1.0,1.0,0.1956239352230392,,,,,8.811839580535889,11.005488061904908,113.48368191005872,9.268420500006869,11.184572299964657,107.89324890894397,8.811839580535889,113.48368191005872,206.27685546875
2026-09-26T04:44:42.058178+00:00,42,grid,padim,cuda,1.1809604167938232,1.0,1.0000000000000002,0.9971429620261268,0.7947840729867366,0.9897647348662905,1.0,24.701963424682617,1.0,24.701963424682617,1.0,1.0,0.27075682618771185,,,,,3.649504065513611,5.31387529373169,274.00983313037233,4.310163000013745,5.1495025501594665,232.0097871001192,3.649504065513611,274.00983313037233,303.8974609375
2026-09-26T04:45:01.372799+00:00,42,grid,autoencoder,cuda,7.891085863113403,1.0,1.0000000000000002,0.996621608285483,0.7918479813902228,0.9907291765535048,1.0,0.02411806909367442,1.0,0.02411806909367442,1.0,1.0,0.6378674546791496,,,,,3.144304037094116,4.444804716110229,318.0354024937658,3.9793580000377915,5.1997820000337915,251.29681722290456,3.144304037094116,318.0354024937658,225.3095703125
2026-09-26T04:46:29.294019+00:00,42,hazelnut,patchcore,cuda,64.22485136985779,0.9996428571428572,0.999798792756539,0.9869963671783651,0.5871363224882292,0.880228438919664,0.9929078014184397,2.113309621810913,0.9929078014184397,2.113309621810913,0.9859154929577465,1.0,0.34592632885925806,,,,,13.926127910614014,15.715393495559693,71.80746912699506,14.052423499947508,15.712696249977396,71.16210239491681,13.926127910614014,71.80746912699506,340.12353515625
2026-09-26T04:47:04.418321+00:00,42,hazelnut,padim,cuda,20.942806720733643,0.8403571428571428,0.8607591190255458,0.9828505194562337,0.5734624881128005,0.8701071386415571,0.8859060402684563,14.463825225830078,0.8859060402684563,14.463825225830078,0.8354430379746836,0.9428571428571428,0.3405533722285549,,,,,4.1032960414886475,6.301798582077026,243.70652029221048,4.988972000091962,7.52994194990606,200.44209508122452,4.1032960414886475,243.70652029221048,332.546875
2026-09-26T04:47:48.201252+00:00,42,hazelnut,autoencoder,cuda,30.477386236190796,0.7682142857142857,0.8631951827851188,0.9794683614396673,0.6070611601317718,0.8715295821934307,0.8414634146341464,0.01708071120083332,0.8414634146341464,0.01708071120083332,0.7340425531914894,0.9857142857142858,0.5171417300780612,,,,,3.425584077835083,4.835060620307923,291.9210205554157,4.498229499972695,5.875866649932959,222.30968873555034,3.425584077835083,291.9210205554157,225.3095703125
2026-09-26T04:48:20.103925+00:00,42,leather,patchcore,cuda,18.665090084075928,1.0,1.0000000000000002,0.9984319257114129,0.8886573623501057,0.9915962256224052,1.0,2.9621124267578125,1.0,2.9621124267578125,1.0,1.0,0.14334990013552362,,,,,8.820047855377197,11.501404762268068,113.37806964282441,9.313436499951422,11.816464900005027,107.37175262914134,8.820047855377197,113.37806964282441,206.27685546875
2026-09-26T04:48:34.298162+00:00,42,leather,padim,cuda,1.2644143104553223,1.0,1.0000000000000002,0.9977590743897301,0.8046576594084679,0.9897568203508715,1.0,24.191905975341797,1.0,24.191905975341797,1.0,1.0,0.17743966408225453,,,,,3.7823840379714966,5.902046251296997,264.38351842672824,4.545786499988935,5.817422700010866,219.98393457379356,3.7823840379714966,264.38351842672824,303.8974609375
2026-09-26T04:48:52.501261+00:00,42,leather,autoencoder,cuda,8.71662950515747,1.0,1.0000000000000002,0.9972801229539285,0.7324182757937872,0.9907990634193459,1.0,0.023002052679657936,1.0,0.023002052679657936,1.0,1.0,0.6149658226411296,,,,,3.212511897087097,4.586657500267029,311.28289389581306,3.9725844999338733,4.605360399989422,251.72529370153,3.212511897087097,311.28289389581306,225.3095703125
2026-09-26T04:49:31.040189+00:00,42,metal_nut,patchcore,cuda,23.351956844329834,0.9970674486803519,0.9993240928301989,0.9839653307592288,0.8612103830320728,0.9347728929849601,0.989247311827957,1.919387936592102,0.989247311827957,1.919387936592102,0.989247311827957,0.989247311827957,0.2578390542275274,,,,,9.325360298156738,12.295639848709108,107.23446258668002,10.376715499887723,13.107619500101464,96.36960751316927,9.325360298156738,107.23446258668002,220.29248046875
2026-09-26T04:49:49.597491+00:00,42,metal_nut,padim,cuda,3.9339659214019775,0.9711632453567937,0.9919883759664878,0.9692031269287814,0.7199595808490541,0.9144569888029758,0.9735449735449735,11.894732475280762,0.9735449735449735,11.894732475280762,0.9583333333333334,0.989247311827957,0.5840826506673614,,,,,3.675871968269348,5.484148693084718,272.0442955119609,4.400869500045701,5.796720500006813,227.22782395379264,3.675871968269348,272.0442955119609,306.8974609375
2026-09-26T04:50:16.331152+00:00,42,metal_nut,autoencoder,cuda,11.849060535430908,0.29521016617790813,0.6939918962251408,0.6639584717563377,0.16123994905422628,0.34086424605182236,0.8942307692307693,0.03460630215704441,0.8942307692307693,0.03460630215704441,0.808695652173913,1.0,0.5845681399499304,,,,,3.3179839849472046,4.825228881835939,301.38783205004285,3.7897469999279565,4.683106549964577,263.8698572804491,3.3179839849472046,301.38783205004285,225.3095703125
2026-09-26T04:50:49.734521+00:00,123,bottle,patchcore,cuda,20.942752838134766,1.0,1.0,0.9618251441992275,0.4964180555493431,0.8692600658155442,1.0,1.7288048267364502,1.0,1.7288048267364502,1.0,1.0,0.23340743464634597,,,,,9.151167869567871,12.0118878364563,109.27566997492104,9.13622900009159,10.710258149913443,109.45434927145271,9.151167869567871,109.27566997492104,212.580078125
2026-09-26T04:51:07.090302+00:00,123,bottle,padim,cuda,4.434067249298096,0.9977272727272727,0.9993111893383263,0.9554600877114651,0.3947472167769293,0.8628812646108222,0.9924812030075187,12.701048851013184,0.9924812030075187,12.701048851013184,0.9850746268656716,1.0,0.3728242638948283,,,,,3.830832004547119,5.363169789314272,261.0398991166985,5.016274500007967,7.055329599961624,199.35113200013512,3.830832004547119,261.0398991166985,305.24658203125
2026-09-26T04:51:28.724667+00:00,123,bottle,autoencoder,cuda,12.38655686378479,0.503030303030303,0.8034104815666798,0.6941244274169935,0.11424946489626603,0.45168476563291976,0.868421052631579,0.036230056546628475,0.868421052631579,0.036230056546628475,0.7674418604651163,1.0,0.7253327567796823,,,,,3.212448000907898,4.451788592338562,311.2890853695939,3.7971259999949325,5.034939300037422,263.3570758519297,3.212448000907898,311.2890853695939,225.3095703125
2026-09-26T04:52:22.408523+00:00,123,cable,patchcore,cuda,29.435590982437134,0.9904422788605697,0.9940329118028219,0.9857999552112187,0.6734975882405972,0.9414684438169956,0.9680851063829786,2.198094367980957,0.9680851063829786,2.198094367980957,0.9479166666666666,0.9891304347826086,0.33183571789805316,,,,,9.63699197769165,13.906520318984986,103.76681876615301,9.91985150005803,12.491137299946331,100.80796068309593,9.63699197769165,103.76681876615301,223.091796875
2026-09-26T04:52:50.997798+00:00,123,cable,padim,cuda,7.886101484298706,0.8541979010494752,0.8901249200402408,0.970727988279232,0.4346972012930018,0.9008593595275374,0.8627450980392156,12.567169189453125,0.8627450980392156,12.567169189453125,0.7857142857142857,0.9565217391304348,0.3164208400862275,,,,,3.8748960494995117,5.9618672132492065,258.07143913684126,4.727416999912748,6.28831209994587,211.5320057482673,3.8748960494995117,258.07143913684126,307.49658203125
2026-09-26T04:53:27.386377+00:00,123,cable,autoencoder,cuda,15.840575456619263,0.4553973013493253,0.619710885611455,0.6171292509196631,0.048993197145056976,0.4047636575896143,0.7603305785123966,0.03260404523462057,0.7603305785123966,0.03260404523462057,0.6133333333333333,1.0,0.3212384775667944,,,,,3.3581279516220093,4.615851211547852,297.78496067042056,3.960102499945606,5.2106146998426075,252.51871637507756,3.3581279516220093,297.78496067042056,225.3095703125
2026-09-26T04:54:24.075914+00:00,123,carpet,patchcore,cuda,39.63495182991028,0.9843499197431782,0.9957159231346022,0.9895531974679734,0.5593128331153298,0.9343232239555007,0.9772727272727273,1.2984775304794312,0.9772727272727273,1.2984775304794312,0.9885057471264368,0.9662921348314607,0.3696896733156824,,,,,11.491296291351318,14.285920095443727,87.02238412846677,11.7159910000737,14.00108649985441,85.35342848878166,11.491296291351318,87.02238412846677,262.33935546875
2026-09-26T04:54:50.178590+00:00,123,carpet,padim,cuda,12.298041343688965,0.9614767255216693,0.9880571680070068,0.9874361402692367,0.577824714399624,0.9460752210368939,0.9392265193370166,9.548043251037598,0.9392265193370166,9.548043251037598,0.9239130434782609,0.9550561797752809,0.3815130547863927,,,,,3.865391969680786,6.039894342422486,258.70597544667186,4.531757499989908,5.531630249947738,220.66494069954692,3.865391969680786,258.70597544667186,315.8974609375
2026-09-26T04:55:26.362940+00:00,123,carpet,autoencoder,cuda,22.1836256980896,0.38041733547351525,0.6876110764245503,0.7430069584135262,0.08316932514750984,0.4353006052783251,0.8640776699029126,0.04779516626149416,0.8640776699029126,0.04779516626149416,0.7606837606837606,1.0,0.47101288425743215,,,,,3.2874879837036133,4.642585635185242,304.1836213416122,4.257866999978432,4.990376849991662,234.8593791222378,3.2874879837036133,304.1836213416122,225.3095703125
2026-09-26T04:55:57.069782+00:00,123,grid,patchcore,cuda,15.735178709030151,1.0,1.0000000000000002,0.9931679850867833,0.6518701150840248,0.980779966181669,1.0,2.489218235015869,1.0,2.489218235015869,1.0,1.0,0.1951441966984028,,,,,8.980000019073486,13.466143894195557,111.35857437371979,12.394004000043424,14.42571755001154,80.68417599320578,8.980000019073486,111.35857437371979,206.27685546875
2026-09-26T04:56:07.601959+00:00,123,grid,padim,cuda,1.1740140914916992,1.0,1.0000000000000002,0.996195896405012,0.7079089329662102,0.9888798629203144,1.0,23.927875518798828,1.0,23.927875518798828,1.0,1.0,0.21931996296326875,,,,,3.967136025428772,4.734868621826172,252.07101384730538,4.876934999970217,6.873336899923287,205.04681731581553,3.967136025428772,252.07101384730538,303.8974609375
2026-09-26T04:56:29.196064+00:00,123,grid,autoencoder,cuda,8.086397409439087,1.0,1.0000000000000002,0.9964622764385094,0.790198355174845,0.989731150193307,1.0,0.026257936842739582,1.0,0.026257936842739582,1.0,1.0,0.6312341480364823,,,,,3.73363196849823,6.0001965999603275,267.83571825967294,4.092601500019555,5.413271250131402,244.34335959541184,3.73363196849823,267.83571825967294,225.3095703125
2026-09-26T04:58:00.365956+00:00,123,hazelnut,patchcore,cuda,70.48804354667664,0.9996428571428572,0.999798792756539,0.9868921062912093,0.5850511278263811,0.8822518667888833,0.9929078014184397,2.1392555236816406,0.9929078014184397,2.1392555236816406,0.9859154929577465,1.0,0.35210117072727665,,,,,14.77675199508667,17.266870880126955,67.67387043732641,14.650478500016106,16.4606852500242,68.25715624229616,14.77675199508667,67.67387043732641,340.12353515625
2026-09-26T04:58:34.132613+00:00,123,hazelnut,padim,cuda,19.675979614257812,0.8589285714285715,0.8803445326768472,0.9817142430924231,0.5797323185260498,0.8685771139177166,0.8625,13.058320045471191,0.8625,13.058320045471191,0.7666666666666667,0.9857142857142858,0.1842818360333592,,,,,4.2150559425354,6.938544082641601,237.2447753086023,5.038220999949772,6.9880617998137495,198.4827581025067,4.2150559425354,237.2447753086023,332.546875
2026-09-26T04:59:20.763524+00:00,123,hazelnut,autoencoder,cuda,30.185107946395874,0.7457142857142858,0.8506015242790372,0.9771479359322228,0.5893893171506609,0.8650461301901993,0.8395061728395062,0.020376842003315687,0.8395061728395062,0.020376842003315687,0.7391304347826086,0.9714285714285714,0.5244331574478427,,,,,3.2159199714660645,4.39682412147522,310.95301154030983,3.908240500095417,5.09781255038888,255.8696170247419,3.2159199714660645,310.95301154030983,225.3095703125
2026-09-26T04:59:50.431840+00:00,123,leather,patchcore,cuda,16.071043968200684,1.0,1.0000000000000002,0.9984512116750797,0.8904457516960999,0.9916621878884273,1.0,2.953674077987671,1.0,2.953674077987671,1.0,1.0,0.14219901098400628,,,,,9.312399864196777,11.93806095123291,107.38370501514682,9.637245500243807,12.039707300073133,103.76408902052994,9.312399864196777,107.38370501514682,206.27685546875
2026-09-26T05:00:01.011105+00:00,123,leather,padim,cuda,1.2226614952087402,1.0,1.0000000000000002,0.9979991879181224,0.7302457306908952,0.9928724815084499,1.0,24.15392303466797,1.0,24.15392303466797,1.0,1.0,0.1559498742810542,,,,,4.075200080871582,6.038686609268189,245.38672461601575,5.026898499863819,10.152418800339545,198.92981726746433,4.075200080871582,245.38672461601575,303.8974609375
2026-09-26T05:00:18.857581+00:00,123,leather,autoencoder,cuda,8.58133316040039,1.0,1.0000000000000002,0.997623685543091,0.7530916934130322,0.9918950291533981,1.0,0.02320659812539816,1.0,0.02320659812539816,1.0,1.0,0.6118293539124449,,,,,3.220431923866272,4.475833463668823,310.51735408195043,4.168461000062962,6.057475299962789,239.89669088541206,3.220431923866272,310.51735408195043,225.3095703125
2026-09-26T05:00:59.597519+00:00,123,metal_nut,patchcore,cuda,23.928003549575806,0.9980449657869013,0.9995448470180255,0.9838266184001495,0.861219335092809,0.9364494755442081,0.9893617021276596,1.7913539409637451,0.9893617021276596,1.7913539409637451,0.9789473684210527,1.0,0.27368223203394537,,,,,9.369455814361572,11.893663930892947,106.7297845054344,9.90033449988914,11.817801649613102,101.00668820949409,9.369455814361572,106.7297845054344,220.29248046875
2026-09-26T05:01:15.482168+00:00,123,metal_nut,padim,cuda,4.128615379333496,0.9736070381231672,0.9937335839161832,0.9779226725216488,0.8043770966804094,0.9237583700877944,0.967391304347826,12.202615737915039,0.967391304347826,12.202615737915039,0.978021978021978,0.956989247311828,0.5524360917026344,,,,,3.742687940597534,6.31460473537445,267.1876511939027,4.506140500097899,6.412832599676221,221.91940086605695,3.742687940597534,267.1876511939027,306.8974609375
2026-09-26T05:01:42.056839+00:00,123,metal_nut,autoencoder,cuda,12.268975973129272,0.29716520039100686,0.6974983110030202,0.6631662686211685,0.1615167881951083,0.3497003320852082,0.8942307692307693,0.03224355448037386,0.8942307692307693,0.03224355448037386,0.808695652173913,1.0,0.5540208559011052,,,,,3.3303200006484985,4.82699191570282,300.27144532815896,4.471040999987963,6.117316900167679,223.66155890824803,3.3303200006484985,300.27144532815896,225.3095703125
2026-09-26T05:02:17.315438+00:00,2026,bottle,patchcore,cuda,20.808316469192505,1.0,1.0,0.9617706553053144,0.4956556983546044,0.8660609059412377,1.0,1.7120931148529053,1.0,1.7120931148529053,1.0,1.0,0.23217446039777714,,,,,9.253520011901855,11.773227453231812,108.06698410051553,9.852543000079095,11.367956250273892,101.49663898873338,9.253520011901855,108.06698410051553,212.580078125
2026-09-26T05:02:30.819229+00:00,2026,bottle,padim,cuda,4.596676826477051,0.9984848484848484,0.9995442895714266,0.9557249816918345,0.38887254916333713,0.8645077012294471,0.9924812030075187,14.298434257507324,0.9924812030075187,14.298434257507324,0.9850746268656716,1.0,0.4271340437475433,,,,,3.7332799434661865,6.283065390586853,267.86097349869345,4.576593499905357,5.797183350341582,218.50312902395194,3.7332799434661865,267.86097349869345,305.24658203125
2026-09-26T05:02:54.688273+00:00,2026,bottle,autoencoder,cuda,14.884901762008667,0.5136363636363637,0.8132785989634459,0.6875129944826458,0.11315481302326343,0.45141158766166295,0.868421052631579,0.03830008301883936,0.868421052631579,0.03830008301883936,0.7674418604651163,1.0,0.7229774418240794,,,,,3.239423990249634,4.844070601463319,308.69685567863525,3.9715415000500798,5.227427949739649,251.79140139600463,3.239423990249634,308.69685567863525,225.3095703125
2026-09-26T05:03:44.867474+00:00,2026,cable,patchcore,cuda,28.418702602386475,0.9906296851574212,0.9943344835422424,0.9856854037624592,0.6726925460899549,0.9423163033375073,0.9617486338797815,2.2554097175598145,0.9617486338797815,2.2554097175598145,0.967032967032967,0.9565217391304348,0.3194586556232625,,,,,9.840960025787354,13.109156465530395,101.61610222778974,10.715297999922768,14.015491999771257,93.32451603373117,9.840960025787354,101.61610222778974,223.091796875
2026-09-26T05:04:13.201719+00:00,2026,cable,padim,cuda,10.280161380767822,0.8768740629685158,0.9111721348077368,0.9739485735395027,0.4549145171212836,0.9096734269687103,0.8717948717948718,13.187005996704102,0.8717948717948718,13.187005996704102,0.8252427184466019,0.9239130434782609,0.30978290196673025,,,,,3.9926559925079346,6.457404589653017,250.4598447440655,5.453010499877564,8.674217949919694,183.3849393876012,3.9926559925079346,250.4598447440655,307.49658203125
2026-09-26T05:04:49.861898+00:00,2026,cable,autoencoder,cuda,19.015418767929077,0.45258620689655177,0.6110664333472758,0.5510174936695054,0.044535511464428565,0.39236996135927893,0.7603305785123966,0.03367588855326176,0.7603305785123966,0.03367588855326176,0.6133333333333333,1.0,0.31700097646156833,,,,,3.3649120330810547,4.8803264856338515,297.18458912709167,4.225856999937605,5.225052950072493,236.63839074885047,3.3649120330810547,297.18458912709167,225.3095703125
2026-09-26T05:05:49.531987+00:00,2026,carpet,patchcore,cuda,39.469465255737305,0.9839486356340288,0.995584432841621,0.989522586702899,0.5552563755241309,0.934002368353447,0.9770114942528736,1.3190006017684937,0.9770114942528736,1.3190006017684937,1.0,0.9550561797752809,0.37731404721315964,,,,,11.144815921783447,14.301070642471315,89.72781668339796,11.87037199997576,14.463162850074696,84.2433581695706,11.144815921783447,89.72781668339796,262.33935546875
2026-09-26T05:06:14.718426+00:00,2026,carpet,padim,cuda,9.569220781326294,0.971107544141252,0.9912738848021768,0.9871572927260978,0.5103721925140392,0.9440379264620691,0.9456521739130435,8.663801193237305,0.9456521739130435,8.663801193237305,0.9157894736842105,0.9775280898876404,0.4253857954396304,,,,,3.771391987800598,5.639625597000125,265.154087200355,4.274588000043877,6.578557499983617,233.9406745140667,3.771391987800598,265.154087200355,315.8974609375
2026-09-26T05:06:51.029574+00:00,2026,carpet,autoencoder,cuda,19.65756893157959,0.380016051364366,0.688950019254876,0.7330895002609504,0.06747782770560423,0.4223346701501408,0.8640776699029126,0.045529816299676895,0.8640776699029126,0.045529816299676895,0.7606837606837606,1.0,0.4791578776061418,,,,,3.1448320150375366,4.514748597145082,317.98200832932696,4.073622000078103,5.293777700330793,245.48178500136416,3.1448320150375366,317.98200832932696,225.3095703125
2026-09-26T05:07:17.681936+00:00,2026,grid,patchcore,cuda,15.25615406036377,1.0,1.0000000000000002,0.9931894546318877,0.6522359100444859,0.9808044715259556,1.0,2.488258123397827,1.0,2.488258123397827,1.0,1.0,0.19599126057238897,,,,,8.85102367401123,12.250691652297975,112.98128180769017,8.819472499908443,10.743029900049805,113.38546608205664,8.85102367401123,112.98128180769017,206.27685546875
2026-09-26T05:07:31.033380+00:00,2026,grid,padim,cuda,4.302712440490723,1.0,1.0000000000000002,0.99580903200572,0.6870638713303747,0.9880515266090758,1.0,24.733314514160156,1.0,24.733314514160156,1.0,1.0,0.17251905671359757,,,,,4.058320045471191,5.448099088668823,246.40737763300157,4.779461000225638,7.05625489988506,209.2286138442787,4.058320045471191,246.40737763300157,303.8974609375
2026-09-26T05:07:48.915962+00:00,2026,grid,autoencoder,cuda,8.648941993713379,1.0,1.0000000000000002,0.9961794095142132,0.7888663576161851,0.989272925645117,1.0,0.028106114827096462,1.0,0.028106114827096462,1.0,1.0,0.621099286792217,,,,,3.204959988594055,4.782396697998047,312.0163757297569,3.7534539999342087,4.701674000148159,266.4212749157251,3.204959988594055,312.0163757297569,225.3095703125
2026-09-26T05:09:19.621020+00:00,2026,hazelnut,patchcore,cuda,69.46050357818604,0.9996428571428572,0.999798792756539,0.9869841031356276,0.5874541233570675,0.879650434888339,0.9929078014184397,2.1524596214294434,0.9929078014184397,2.1524596214294434,0.9859154929577465,1.0,0.34651883350474766,,,,,14.552175998687744,17.718580532073975,68.71824530504414,14.760377999664342,18.146675300249626,67.74894247442312,14.552175998687744,68.71824530504414,340.12353515625
2026-09-26T05:09:51.017126+00:00,2026,hazelnut,padim,cuda,15.928651332855225,0.8692857142857142,0.8900411368947908,0.9786033251935301,0.48568431644065707,0.8642231542808734,0.8750000000000001,12.956865310668945,0.8750000000000001,12.956865310668945,0.7777777777777778,1.0,0.27359354394703755,,,,,3.820016026496887,6.27760009765625,261.7790064396775,4.463598500024091,5.603412050186307,224.03448697157748,3.820016026496887,261.7790064396775,332.546875
2026-09-26T05:10:33.947650+00:00,2026,hazelnut,autoencoder,cuda,29.8528311252594,0.7635714285714286,0.8611427197828478,0.9786253954192405,0.5932717600290186,0.8740656318018686,0.8414634146341464,0.017610698472708464,0.8414634146341464,0.017610698472708464,0.7340425531914894,0.9857142857142858,0.523437759778296,,,,,3.2216800451278687,4.663247990608216,310.39705557114377,3.9144404997841775,5.152572000110921,255.46435053876408,3.2216800451278687,310.39705557114377,225.3095703125
2026-09-26T05:11:03.831801+00:00,2026,leather,patchcore,cuda,18.448421001434326,1.0,1.0000000000000002,0.998422927651204,0.8894820275065679,0.9914871426738925,1.0,2.953209161758423,1.0,2.953209161758423,1.0,1.0,0.14107838917919502,,,,,9.101808071136475,11.891205215454104,109.86828025644552,9.98648649988354,13.232546399967758,100.13531786296029,9.101808071136475,109.86828025644552,206.27685546875
2026-09-26T05:11:14.165862+00:00,2026,leather,padim,cuda,1.2822818756103516,1.0,1.0000000000000002,0.9976047512956473,0.7450436239463467,0.9926037816836564,1.0,25.052886962890625,1.0,25.052886962890625,1.0,1.0,0.17465680410023351,,,,,4.229200124740601,7.021934270858765,236.45133134042348,4.661394500089955,6.582261600101446,214.5280773769957,4.229200124740601,236.45133134042348,303.8974609375
2026-09-26T05:11:34.312892+00:00,2026,leather,autoencoder,cuda,11.06445026397705,1.0,1.0000000000000002,0.9976289335903088,0.7535398993536148,0.992114269357252,1.0,0.02240882534533739,1.0,0.02240882534533739,1.0,1.0,0.6269555467443144,,,,,3.476319909095764,4.9543441295623785,287.66052208932433,4.273229500086018,6.114703099774488,234.015046460732,3.476319909095764,287.66052208932433,225.3095703125
2026-09-26T05:12:13.080884+00:00,2026,metal_nut,patchcore,cuda,21.46010947227478,0.9960899315738025,0.9991158245806935,0.9835971726791568,0.8608503197648821,0.9345235391401854,0.989247311827957,1.8952542543411255,0.989247311827957,1.8952542543411255,0.989247311827957,0.989247311827957,0.2534200475880045,,,,,9.629551887512207,12.597492647171027,103.84699222575661,10.22289349998573,13.109429400037698,97.81966328822617,9.629551887512207,103.84699222575661,220.29248046875
2026-09-26T05:12:28.795209+00:00,2026,metal_nut,padim,cuda,4.176056146621704,0.97702834799609,0.9945508471755875,0.9701131018484646,0.7286940536333061,0.9112536531676523,0.9587628865979382,10.180310249328613,0.9587628865979382,10.180310249328613,0.9207920792079208,1.0,0.5485053326908512,,,,,3.7917760610580444,4.8365983247756965,263.72865483014925,4.5901094999862835,6.877961699888146,217.85972644072834,3.7917760610580444,263.72865483014925,306.8974609375
2026-09-26T05:12:55.344735+00:00,2026,metal_nut,autoencoder,cuda,14.799172639846802,0.29960899315738027,0.6960328542159637,0.6654918373214291,0.16443682280224747,0.3661963577224125,0.8942307692307693,0.035350991412997246,0.8942307692307693,0.035350991412997246,0.808695652173913,1.0,0.570607674123773,,,,,3.2931519746780396,4.713316750526429,303.6604467966489,4.325130999859539,6.059536799784837,231.20686981098967,3.2931519746780396,303.6604467966489,225.3095703125
