category,method,image_auroc_mean,image_auroc_std,aupro_mean,aupro_std,pixel_auroc_mean,pixel_auroc_std,mrd_mean,mrd_std,p50_model_ms,p50_e2e_ms,fps_model,fps_e2e,peak_vram_mb
bottle,autoencoder,0.5123737373737374,0.008780474066016989,0.4530778380315221,0.002652969732623106,0.6898131223598806,0.0037364938910683944,,,3.2158720095952353,3.896462333348912,310.9673719604123,256.7345679061239,225.47623697916666
bottle,padim,0.9977272727272727,0.0007575757575757347,0.8635092095059207,0.0008742440921415976,0.955324978164552,0.00048197687376093005,,,3.8290613094965615,4.716620666651276,261.26771818187603,212.43238856962216,305.0955403645833
bottle,patchcore,1.0,0.0,0.867022260507547,0.0019443895821849842,0.961745948496375,9.401626911045563e-05,,,9.145402749379477,9.45039216674104,109.35532765753005,105.92038550784018,210.02262369791666
cable,autoencoder,0.4535232383808096,0.0016229861390262917,0.4003853094077084,0.0069513849400156535,0.6045482251273315,0.04848040745748664,,,3.321893334388733,4.172491666584695,301.1200806813323,240.00772874007302,225.3095703125
cable,padim,0.8642553723138432,0.011553006683049713,0.9058937203861274,0.004539004761906838,0.9710094493196583,0.0028089895934471946,,,3.8446346521377563,4.869896833308,260.4273233144009,206.89604667361513,307.49658203125
cable,patchcore,0.9900049975012494,0.0009244533100292529,0.9421101405136373,0.0005674361262549413,0.9857137961154185,7.604772210294323e-05,,,9.650234699249268,10.081132666660627,103.64962106258872,99.40323942203155,223.091796875
carpet,autoencoder,0.37774210807918673,0.004290801212505491,0.4240974789996425,0.010434009934337058,0.727258834224921,0.019334480461628962,,,3.293781320254008,4.231121833337663,304.0342427038044,236.53343049208036,225.3095703125
carpet,padim,0.9654895666131621,0.005012036916852655,0.942843636807036,0.003965969242174281,0.987331024193379,0.00015155870820844506,,,3.8808853228886924,4.6817451666735606,257.831199972099,215.1619148005875,315.8974609375
carpet,patchcore,0.9844836811128945,0.0006129716017864787,0.9344256124845044,0.00048265344641318847,0.9895445603113734,1.9174213049336446e-05,,,11.283914724985758,11.667521166676428,88.6371572473113,85.7305347387467,262.33935546875
grid,autoencoder,1.0,0.0,0.989911084130643,0.0007446132173141013,0.9964210980794018,0.00022395687368818398,,,3.3609653313954673,3.941804499997185,299.2958321610652,254.02048391134716,225.3095703125
grid,padim,1.0,0.0,0.9888987081318935,0.0008567595868425689,0.9963826301456197,0.000686290348356023,,,3.891653378804525,4.6555196667365335,257.49607487022644,215.42840608673782,303.8974609375
grid,patchcore,1.0,0.0,0.9807782991857605,2.7044397768704958e-05,0.9931756405811606,1.1986709472685758e-05,,,8.880954424540201,10.160632333319578,112.60784603048955,100.65429699473547,206.27685546875
hazelnut,autoencoder,0.7591666666666667,0.011879139092469236,0.8702137813951661,0.004651489131048392,0.9784138975970436,0.0011745816831941933,,,3.287728031476339,4.10697016661743,304.42369588895644,244.5478854330188,225.3095703125
hazelnut,padim,0.8561904761904762,0.014657367955200885,0.867635802280049,0.0030528459981791992,0.9810560292473957,0.002198772129081387,,,4.046122670173645,4.830263833355275,247.5767673468301,207.6531133851029,332.546875
hazelnut,patchcore,0.9996428571428572,0.0,0.8807102468656288,0.0013660037173772658,0.9869575255350673,5.69856103440592e-05,,,14.418351968129477,14.487759999875985,69.39986162312186,69.05606703721203,340.12353515625
leather,autoencoder,1.0,0.0,0.9916027873099987,0.0007046244645560804,0.9975109140291094,0.0001998881581967408,,,3.303087910016378,4.138091666694284,303.1535900223626,241.8790103492247,225.3095703125
leather,padim,1.0,0.0,0.9917443611809925,0.001726496108454894,0.9977876712011665,0.00019876718920797912,,,4.02892808119456,4.744693166647569,248.7405247943892,211.14727640608453,303.8974609375
leather,patchcore,1.0,0.0,0.991581852061575,8.840337222691002e-05,0.9984353550125654,1.4450487239061476e-05,,,9.07808526357015,9.64572283335959,110.21001830480559,103.7570531708772,206.27685546875
metal_nut,autoencoder,0.2973281199087651,0.002203934385543942,0.352253645286481,0.012857625233714729,0.6642055258996451,0.0011823046380700923,,,3.313818653424581,4.195306333258486,301.7732413916169,239.57942866656228,225.3095703125
metal_nut,padim,0.9739328771586836,0.002946096663412393,0.9164896706861407,0.006495447100995644,0.9724129670996317,0.0047931882882552655,,,3.736778656641642,4.499039833376628,267.6535338453376,222.33565042019265,306.8974609375
metal_nut,patchcore,0.9970674486803519,0.0009775171065493637,0.9352486358897846,0.0010474045262949185,0.9837963739461784,0.00018593315526709342,,,9.441456000010172,10.166647833254197,105.93707977262368,98.39865300362983,220.29248046875
